algoritmo,cenario,esquema,recorte,mec,rmse,mae,me,slope,ganho_mec_vs_ranger,ganho_min,ganho_max,reps
lgbm_l2,cont_chelsa,v2,0-30 cm,0.2933,53.47,24.01,-1.659,1.018,-0.01807,-0.03913,0.005952,3
lgbm_l2,cont_chelsa,v2,"0-30 cm, amostras reais",0.244,48.06,22.03,-1.482,0.9822,-0.009617,-0.02832,0.005857,3
lgbm_l2,cont_chelsa,v2,todas,0.3492,41.21,19.12,-0.691,0.9948,-0.01474,-0.02307,-0.009407,3
lgbm_l2,cont_chelsa,v3,0-30 cm,0.2028,56.8,25.18,-4.616,1.257,-0.021,-0.04925,-0.004123,3
lgbm_l2,cont_chelsa,v3,"0-30 cm, amostras reais",0.1537,50.85,23.1,-3.594,1.026,-0.02424,-0.03566,-0.01748,3
lgbm_l2,cont_chelsa,v3,todas,0.2619,43.89,20.12,-2.929,1.248,-0.02405,-0.04158,-0.01238,3
lgbm_l2,cont_chelsa,v4,0-30 cm,0.1733,57.84,25.45,-5.185,1.197,-0.02869,-0.04738,-0.01115,3
lgbm_l2,cont_chelsa,v4,"0-30 cm, amostras reais",0.1314,51.51,23.17,-4.159,0.9756,-0.02162,-0.02762,-0.01423,3
lgbm_l2,cont_chelsa,v4,todas,0.2359,44.65,20.48,-2.799,1.21,-0.028,-0.0485,-0.01132,3
lgbm_l2,cont_decenal,v2,0-30 cm,0.2943,53.42,23.97,-2.295,1.089,-0.01169,-0.03289,0.0016,3
lgbm_l2,cont_decenal,v2,"0-30 cm, amostras reais",0.2447,48.03,22.01,-1.955,1.045,-0.006092,-0.01022,0.00112,3
lgbm_l2,cont_decenal,v2,todas,0.3506,41.14,19.17,-1.398,1.065,-0.01567,-0.05877,0.01039,3
lgbm_l2,cont_decenal,v3,0-30 cm,0.2184,56.24,25.4,-3.651,1.298,-0.0188,-0.02605,-0.01336,3
lgbm_l2,cont_decenal,v3,"0-30 cm, amostras reais",0.173,50.27,23.23,-2.476,1.054,-0.01141,-0.01626,-0.002451,3
lgbm_l2,cont_decenal,v3,todas,0.2704,43.64,20.4,-2.631,1.249,-0.02262,-0.03358,-0.01483,3
lgbm_l2,cont_decenal,v4,0-30 cm,0.1745,57.8,25.59,-4.094,1.164,-0.02602,-0.04111,-0.001161,3
lgbm_l2,cont_decenal,v4,"0-30 cm, amostras reais",0.1333,51.46,23.36,-3.016,0.9455,-0.02532,-0.04306,-0.01004,3
lgbm_l2,cont_decenal,v4,todas,0.2239,45.01,20.79,-2.538,1.145,-0.03418,-0.05064,-0.01276,3
lgbm_l2,cont_sel,v2,0-30 cm,0.3063,52.97,23.94,-1.88,1.087,-0.00824,-0.01474,-0.0001779,3
lgbm_l2,cont_sel,v2,"0-30 cm, amostras reais",0.2562,47.67,21.99,-1.5,1.033,0.0008641,-0.003398,0.007726,3
lgbm_l2,cont_sel,v2,todas,0.3656,40.68,18.96,-1.09,1.079,-0.00649,-0.01697,0.003799,3
lgbm_l2,cont_sel,v3,0-30 cm,0.1962,57.03,25.28,-4.22,1.247,-0.03316,-0.05914,-0.01064,3
lgbm_l2,cont_sel,v3,"0-30 cm, amostras reais",0.1507,50.94,23.17,-2.996,0.9986,-0.03083,-0.04728,-0.01268,3
lgbm_l2,cont_sel,v3,todas,0.2554,44.08,20.19,-2.686,1.241,-0.03274,-0.05018,-0.007426,3
lgbm_l2,cont_sel,v4,0-30 cm,0.1677,58.03,25.55,-4.524,1.167,-0.0335,-0.04469,-0.02733,3
lgbm_l2,cont_sel,v4,"0-30 cm, amostras reais",0.1265,51.66,23.32,-3.367,0.934,-0.02752,-0.02872,-0.02637,3
lgbm_l2,cont_sel,v4,todas,0.2302,44.82,20.54,-2.43,1.193,-0.03111,-0.04381,-0.02401,3
lgbm_l2,koppen_ipef,v2,0-30 cm,0.2804,53.95,24.34,-2.976,1.076,-0.0127,-0.02891,-0.004384,3
lgbm_l2,koppen_ipef,v2,"0-30 cm, amostras reais",0.2314,48.46,22.29,-2.091,1.014,-0.008778,-0.01246,-0.001702,3
lgbm_l2,koppen_ipef,v2,todas,0.3335,41.69,19.59,-1.906,1.048,-0.01037,-0.04304,0.00988,3
lgbm_l2,koppen_ipef,v3,0-30 cm,0.211,56.51,25.54,-4.457,1.306,-0.003596,-0.006856,0.000539,3
lgbm_l2,koppen_ipef,v3,"0-30 cm, amostras reais",0.1628,50.58,23.38,-3.188,1.039,-0.008902,-0.01477,-0.005434,3
lgbm_l2,koppen_ipef,v3,todas,0.2645,43.82,20.48,-3.213,1.268,-0.01137,-0.01834,-0.005169,3
lgbm_l2,koppen_ipef,v4,0-30 cm,0.1615,58.25,26.02,-5.225,1.211,-0.03045,-0.03186,-0.02951,3
lgbm_l2,koppen_ipef,v4,"0-30 cm, amostras reais",0.1283,51.61,23.61,-3.688,0.9562,-0.02364,-0.02748,-0.01638,3
lgbm_l2,koppen_ipef,v4,todas,0.2145,45.28,21.11,-3.34,1.2,-0.03434,-0.03642,-0.03203,3
lgbm_l2,th_cadsolo,v2,0-30 cm,0.2938,53.45,23.9,-2.519,1.085,-0.001808,-0.008936,0.004832,3
lgbm_l2,th_cadsolo,v2,"0-30 cm, amostras reais",0.2432,48.08,22.02,-2.074,1.039,-0.0001512,-0.006946,0.009215,3
lgbm_l2,th_cadsolo,v2,todas,0.3478,41.24,19.21,-1.463,1.052,-0.004793,-0.01638,0.002678,3
lgbm_l2,th_cadsolo,v3,0-30 cm,0.2131,56.43,25.26,-4.047,1.272,-0.01434,-0.02473,-0.006342,3
lgbm_l2,th_cadsolo,v3,"0-30 cm, amostras reais",0.1662,50.47,23.18,-2.993,1.033,-0.0145,-0.0166,-0.01323,3
lgbm_l2,th_cadsolo,v3,todas,0.2656,43.78,20.27,-2.901,1.217,-0.02524,-0.04202,-0.01683,3
lgbm_l2,th_cadsolo,v4,0-30 cm,0.1695,57.97,25.65,-5.028,1.151,-0.03302,-0.06341,-0.01437,3
lgbm_l2,th_cadsolo,v4,"0-30 cm, amostras reais",0.1314,51.51,23.42,-3.888,0.9362,-0.02703,-0.04682,-0.01654,3
lgbm_l2,th_cadsolo,v4,todas,0.2227,45.04,20.76,-2.977,1.139,-0.03856,-0.06583,-0.02254,3
lgbm_tweedie,cont_chelsa,v2,0-30 cm,0.2869,53.72,23.01,-5.452,1.325,-0.0245,-0.04196,0.0028,3
lgbm_tweedie,cont_chelsa,v2,"0-30 cm, amostras reais",0.2434,48.08,21.18,-4.31,1.283,-0.01026,-0.01484,-0.002984,3
lgbm_tweedie,cont_chelsa,v2,todas,0.3427,41.41,18.4,-4.169,1.283,-0.02122,-0.02502,-0.01649,3
lgbm_tweedie,cont_chelsa,v3,0-30 cm,0.2194,56.21,24.18,-7.949,1.58,-0.004383,-0.0151,0.005023,3
lgbm_tweedie,cont_chelsa,v3,"0-30 cm, amostras reais",0.1702,50.35,22.01,-6.924,1.318,-0.007708,-0.01355,-0.0007216,3
lgbm_tweedie,cont_chelsa,v3,todas,0.2712,43.62,19.45,-6.081,1.475,-0.01482,-0.01609,-0.01313,3
lgbm_tweedie,cont_chelsa,v4,0-30 cm,0.1746,57.8,24.61,-9.053,1.559,-0.02741,-0.0316,-0.02512,3
lgbm_tweedie,cont_chelsa,v4,"0-30 cm, amostras reais",0.1305,51.54,22.31,-7.728,1.243,-0.02252,-0.0242,-0.01955,3
lgbm_tweedie,cont_chelsa,v4,todas,0.228,44.89,19.87,-6.533,1.462,-0.03591,-0.03969,-0.0323,3
lgbm_tweedie,cont_decenal,v2,0-30 cm,0.2861,53.75,22.99,-5.865,1.378,-0.01998,-0.034,-0.00575,3
lgbm_tweedie,cont_decenal,v2,"0-30 cm, amostras reais",0.2453,48.02,21.15,-4.682,1.343,-0.005474,-0.01288,0.0005237,3
lgbm_tweedie,cont_decenal,v2,todas,0.336,41.62,18.59,-4.446,1.315,-0.03026,-0.03821,-0.02049,3
lgbm_tweedie,cont_decenal,v3,0-30 cm,0.2199,56.19,24.54,-7.282,1.514,-0.01729,-0.02915,-0.006556,3
lgbm_tweedie,cont_decenal,v3,"0-30 cm, amostras reais",0.1705,50.34,22.37,-6.204,1.264,-0.0139,-0.01988,-0.01082,3
lgbm_tweedie,cont_decenal,v3,todas,0.272,43.59,19.76,-5.429,1.423,-0.02108,-0.03705,-0.006143,3
lgbm_tweedie,cont_decenal,v4,0-30 cm,0.1714,57.91,24.91,-8.199,1.452,-0.02917,-0.05631,-0.01035,3
lgbm_tweedie,cont_decenal,v4,"0-30 cm, amostras reais",0.1316,51.51,22.61,-6.834,1.169,-0.02695,-0.04171,-0.01718,3
lgbm_tweedie,cont_decenal,v4,todas,0.2195,45.13,20.25,-6.032,1.351,-0.03859,-0.06342,-0.02279,3
lgbm_tweedie,cont_sel,v2,0-30 cm,0.2817,53.91,23.05,-5.865,1.385,-0.03281,-0.05331,-0.01009,3
lgbm_tweedie,cont_sel,v2,"0-30 cm, amostras reais",0.2448,48.03,21.15,-4.56,1.337,-0.01053,-0.01665,-0.0008708,3
lgbm_tweedie,cont_sel,v2,todas,0.3356,41.64,18.46,-4.493,1.327,-0.03649,-0.04633,-0.02963,3
lgbm_tweedie,cont_sel,v3,0-30 cm,0.2272,55.92,24.13,-7.759,1.568,-0.002107,-0.007485,0.0008292,3
lgbm_tweedie,cont_sel,v3,"0-30 cm, amostras reais",0.173,50.27,21.96,-6.771,1.31,-0.008592,-0.01629,-0.004319,3
lgbm_tweedie,cont_sel,v3,todas,0.2782,43.4,19.46,-5.917,1.476,-0.009943,-0.02253,-0.0001563,3
lgbm_tweedie,cont_sel,v4,0-30 cm,0.1748,57.79,24.64,-8.626,1.555,-0.02641,-0.03042,-0.02229,3
lgbm_tweedie,cont_sel,v4,"0-30 cm, amostras reais",0.1318,51.5,22.34,-7.273,1.237,-0.02221,-0.02446,-0.01835,3
lgbm_tweedie,cont_sel,v4,todas,0.226,44.94,19.96,-6.39,1.448,-0.03531,-0.04183,-0.02775,3
lgbm_tweedie,koppen_ipef,v2,0-30 cm,0.2624,54.63,23.34,-6.422,1.345,-0.03069,-0.04204,-0.02027,3
lgbm_tweedie,koppen_ipef,v2,"0-30 cm, amostras reais",0.2265,48.61,21.39,-4.906,1.297,-0.01364,-0.01576,-0.01098,3
lgbm_tweedie,koppen_ipef,v2,todas,0.3125,42.36,18.97,-4.824,1.29,-0.03132,-0.0381,-0.02651,3
lgbm_tweedie,koppen_ipef,v3,0-30 cm,0.2145,56.38,24.77,-7.827,1.518,-0.0001372,-0.01322,0.01306,3
lgbm_tweedie,koppen_ipef,v3,"0-30 cm, amostras reais",0.1614,50.62,22.59,-6.561,1.227,-0.01023,-0.01832,-0.0007579,3
lgbm_tweedie,koppen_ipef,v3,todas,0.2601,43.94,20.07,-6.059,1.429,-0.01568,-0.02406,-0.008159,3
lgbm_tweedie,koppen_ipef,v4,0-30 cm,0.1763,57.73,25.24,-8.599,1.473,-0.01563,-0.02322,-0.01101,3
lgbm_tweedie,koppen_ipef,v4,"0-30 cm, amostras reais",0.1301,51.55,22.93,-7.039,1.142,-0.0218,-0.02925,-0.0173,3
lgbm_tweedie,koppen_ipef,v4,todas,0.2216,45.07,20.56,-6.415,1.378,-0.02719,-0.03036,-0.02285,3
lgbm_tweedie,th_cadsolo,v2,0-30 cm,0.2703,54.34,23.14,-5.93,1.325,-0.02525,-0.05494,0.001834,3
lgbm_tweedie,th_cadsolo,v2,"0-30 cm, amostras reais",0.2327,48.41,21.32,-4.722,1.296,-0.01062,-0.01857,-0.005497,3
lgbm_tweedie,th_cadsolo,v2,todas,0.32,42.13,18.76,-4.43,1.264,-0.03262,-0.04944,-0.02275,3
lgbm_tweedie,th_cadsolo,v3,0-30 cm,0.2229,56.08,24.4,-7.197,1.456,-0.004603,-0.01099,0.000438,3
lgbm_tweedie,th_cadsolo,v3,"0-30 cm, amostras reais",0.1713,50.32,22.33,-6.272,1.223,-0.009468,-0.01273,-0.006484,3
lgbm_tweedie,th_cadsolo,v3,todas,0.2704,43.64,19.76,-5.372,1.363,-0.02047,-0.02798,-0.01375,3
lgbm_tweedie,th_cadsolo,v4,0-30 cm,0.1695,57.97,25.14,-8.477,1.414,-0.03299,-0.05407,-0.0144,3
lgbm_tweedie,th_cadsolo,v4,"0-30 cm, amostras reais",0.128,51.61,22.86,-7.176,1.132,-0.0304,-0.04125,-0.01815,3
lgbm_tweedie,th_cadsolo,v4,todas,0.2199,45.12,20.38,-6.247,1.33,-0.04136,-0.06143,-0.0199,3
media_ranger_lgbm_l2,cont_chelsa,v2,0-30 cm,0.309,52.87,23.53,-1.966,1.129,-0.002354,-0.01245,0.008232,3
media_ranger_lgbm_l2,cont_chelsa,v2,"0-30 cm, amostras reais",0.2562,47.67,21.63,-1.554,1.095,0.002584,-0.006623,0.00945,3
media_ranger_lgbm_l2,cont_chelsa,v2,todas,0.3649,40.71,18.99,-0.004761,1.065,0.0009259,-0.003297,0.003216,3
media_ranger_lgbm_l2,cont_chelsa,v3,0-30 cm,0.2187,56.23,24.61,-4.615,1.436,-0.005037,-0.0183,0.003419,3
media_ranger_lgbm_l2,cont_chelsa,v3,"0-30 cm, amostras reais",0.1724,50.28,22.45,-3.746,1.196,-0.00552,-0.0106,-0.002947,3
media_ranger_lgbm_l2,cont_chelsa,v3,todas,0.2804,43.34,19.94,-2.148,1.379,-0.005551,-0.01368,0.0002426,3
media_ranger_lgbm_l2,cont_chelsa,v4,0-30 cm,0.1935,57.13,25.13,-4.837,1.328,-0.008481,-0.01598,-0.0003588,3
media_ranger_lgbm_l2,cont_chelsa,v4,"0-30 cm, amostras reais",0.1486,51,22.84,-4.009,1.098,-0.004404,-0.006603,-0.001043,3
media_ranger_lgbm_l2,cont_chelsa,v4,todas,0.2576,44.02,20.44,-1.784,1.301,-0.006328,-0.01426,0.001145,3
media_ranger_lgbm_l2,cont_decenal,v2,0-30 cm,0.3081,52.9,23.48,-2.656,1.226,0.002042,-0.01082,0.01079,3
media_ranger_lgbm_l2,cont_decenal,v2,"0-30 cm, amostras reais",0.2554,47.69,21.6,-2.007,1.175,0.00461,0.001335,0.00878,3
media_ranger_lgbm_l2,cont_decenal,v2,todas,0.3683,40.59,18.96,-0.9405,1.158,0.001988,-0.02047,0.01553,3
media_ranger_lgbm_l2,cont_decenal,v3,0-30 cm,0.2331,55.71,24.98,-3.663,1.422,-0.004108,-0.00797,-0.001166,3
media_ranger_lgbm_l2,cont_decenal,v3,"0-30 cm, amostras reais",0.1852,49.89,22.77,-2.687,1.171,0.0008338,-0.002186,0.00567,3
media_ranger_lgbm_l2,cont_decenal,v3,todas,0.2884,43.1,20.28,-1.876,1.347,-0.004606,-0.009894,-0.0008335,3
media_ranger_lgbm_l2,cont_decenal,v4,0-30 cm,0.1932,57.14,25.32,-3.947,1.329,-0.007385,-0.01438,0.00445,3
media_ranger_lgbm_l2,cont_decenal,v4,"0-30 cm, amostras reais",0.1527,50.88,23.01,-2.982,1.089,-0.005833,-0.01386,0.001051,3
media_ranger_lgbm_l2,cont_decenal,v4,todas,0.2483,44.3,20.7,-1.702,1.274,-0.009822,-0.01707,0.0002518,3
media_ranger_lgbm_l2,cont_sel,v2,0-30 cm,0.3169,52.56,23.48,-2.197,1.201,0.002407,-0.001366,0.005479,3
media_ranger_lgbm_l2,cont_sel,v2,"0-30 cm, amostras reais",0.2631,47.45,21.6,-1.599,1.144,0.007768,0.006192,0.01089,3
media_ranger_lgbm_l2,cont_sel,v2,todas,0.3784,40.26,18.85,-0.4142,1.144,0.006342,-0.0001006,0.01152,3
media_ranger_lgbm_l2,cont_sel,v3,0-30 cm,0.2183,56.24,24.79,-4.268,1.449,-0.01102,-0.0231,-0.0003145,3
media_ranger_lgbm_l2,cont_sel,v3,"0-30 cm, amostras reais",0.1727,50.27,22.6,-3.246,1.179,-0.008815,-0.01608,-0.0004803,3
media_ranger_lgbm_l2,cont_sel,v3,todas,0.2786,43.39,20.08,-2.005,1.388,-0.009562,-0.01809,0.002895,3
media_ranger_lgbm_l2,cont_sel,v4,0-30 cm,0.1908,57.22,25.26,-4.155,1.318,-0.01041,-0.01538,-0.007427,3
media_ranger_lgbm_l2,cont_sel,v4,"0-30 cm, amostras reais",0.1473,51.04,22.96,-3.193,1.066,-0.006751,-0.007296,-0.006371,3
media_ranger_lgbm_l2,cont_sel,v4,todas,0.2541,44.12,20.53,-1.487,1.299,-0.00723,-0.01305,-0.00349,3
media_ranger_lgbm_l2,koppen_ipef,v2,0-30 cm,0.2936,53.46,23.85,-3.129,1.187,0.0005351,-0.008621,0.006932,3
media_ranger_lgbm_l2,koppen_ipef,v2,"0-30 cm, amostras reais",0.2433,48.08,21.87,-2.068,1.132,0.003146,0.0007658,0.005849,3
media_ranger_lgbm_l2,koppen_ipef,v2,todas,0.3471,41.27,19.43,-1.278,1.11,0.003253,-0.01258,0.01179,3
media_ranger_lgbm_l2,koppen_ipef,v3,0-30 cm,0.218,56.26,25.06,-4.83,1.471,0.003385,0.001212,0.006054,3
media_ranger_lgbm_l2,koppen_ipef,v3,"0-30 cm, amostras reais",0.1737,50.24,22.81,-3.664,1.189,0.00207,-0.001356,0.004437,3
media_ranger_lgbm_l2,koppen_ipef,v3,todas,0.2766,43.45,20.36,-2.651,1.39,0.0007242,-0.003019,0.003645,3
media_ranger_lgbm_l2,koppen_ipef,v4,0-30 cm,0.1821,57.53,25.62,-5.155,1.393,-0.009847,-0.01081,-0.009288,3
media_ranger_lgbm_l2,koppen_ipef,v4,"0-30 cm, amostras reais",0.1466,51.06,23.17,-3.753,1.099,-0.005311,-0.007432,-0.002013,3
media_ranger_lgbm_l2,koppen_ipef,v4,todas,0.2385,44.58,21,-2.602,1.333,-0.0103,-0.0117,-0.008442,3
media_ranger_lgbm_l2,th_cadsolo,v2,0-30 cm,0.3024,53.12,23.48,-3.092,1.227,0.006839,0.004339,0.008364,3
media_ranger_lgbm_l2,th_cadsolo,v2,"0-30 cm, amostras reais",0.2512,47.83,21.64,-2.339,1.183,0.007858,0.005067,0.01151,3
media_ranger_lgbm_l2,th_cadsolo,v2,todas,0.3589,40.89,19.08,-1.038,1.142,0.006312,-0.0006356,0.01107,3
media_ranger_lgbm_l2,th_cadsolo,v3,0-30 cm,0.2257,55.98,24.81,-4.374,1.443,-0.001807,-0.007449,0.002684,3
media_ranger_lgbm_l2,th_cadsolo,v3,"0-30 cm, amostras reais",0.1802,50.05,22.66,-3.472,1.196,-0.0005465,-0.002158,0.0005523,3
media_ranger_lgbm_l2,th_cadsolo,v3,todas,0.2851,43.2,20.13,-2.204,1.35,-0.00573,-0.01381,-0.001295,3
media_ranger_lgbm_l2,th_cadsolo,v4,0-30 cm,0.1921,57.18,25.27,-4.918,1.345,-0.01037,-0.02421,-0.001454,3
media_ranger_lgbm_l2,th_cadsolo,v4,"0-30 cm, amostras reais",0.1521,50.9,22.99,-3.925,1.1,-0.006356,-0.0146,-0.002153,3
media_ranger_lgbm_l2,th_cadsolo,v4,todas,0.2499,44.25,20.68,-2.159,1.285,-0.01138,-0.02357,-0.005038,3
media_ranger_lgbm_tweedie,cont_chelsa,v2,0-30 cm,0.3087,52.88,23.02,-3.862,1.309,-0.002686,-0.00886,0.006582,3
media_ranger_lgbm_tweedie,cont_chelsa,v2,"0-30 cm, amostras reais",0.2574,47.63,21.21,-2.968,1.271,0.003733,0.001963,0.00479,3
media_ranger_lgbm_tweedie,cont_chelsa,v2,todas,0.372,40.47,18.53,-1.744,1.23,0.008081,0.001157,0.01741,3
media_ranger_lgbm_tweedie,cont_chelsa,v3,0-30 cm,0.2271,55.93,24.04,-6.282,1.617,0.003353,-0.001943,0.00825,3
media_ranger_lgbm_tweedie,cont_chelsa,v3,"0-30 cm, amostras reais",0.1808,50.03,21.81,-5.411,1.368,0.002853,0.0001042,0.006507,3
media_ranger_lgbm_tweedie,cont_chelsa,v3,todas,0.2875,43.12,19.49,-3.724,1.513,0.001533,0.0008447,0.002025,3
media_ranger_lgbm_tweedie,cont_chelsa,v4,0-30 cm,0.1963,57.03,24.61,-6.771,1.529,-0.00567,-0.007324,-0.003218,3
media_ranger_lgbm_tweedie,cont_chelsa,v4,"0-30 cm, amostras reais",0.1504,50.95,22.3,-5.793,1.261,-0.002614,-0.004812,-0.0004448,3
media_ranger_lgbm_tweedie,cont_chelsa,v4,todas,0.2584,44,19.98,-3.651,1.449,-0.005496,-0.007348,-0.002504,3
media_ranger_lgbm_tweedie,cont_decenal,v2,0-30 cm,0.303,53.11,23,-4.441,1.388,-0.003079,-0.007019,0.001643,3
media_ranger_lgbm_tweedie,cont_decenal,v2,"0-30 cm, amostras reais",0.2553,47.69,21.18,-3.371,1.346,0.00456,0.002366,0.006097,3
media_ranger_lgbm_tweedie,cont_decenal,v2,todas,0.3642,40.73,18.62,-2.465,1.292,-0.002094,-0.007649,0.0009697,3
media_ranger_lgbm_tweedie,cont_decenal,v3,0-30 cm,0.2346,55.66,24.49,-5.478,1.542,-0.002592,-0.008474,0.002926,3
media_ranger_lgbm_tweedie,cont_decenal,v3,"0-30 cm, amostras reais",0.1848,49.9,22.28,-4.551,1.294,0.0004399,-0.002626,0.002353,3
media_ranger_lgbm_tweedie,cont_decenal,v3,todas,0.2911,43.02,19.9,-3.275,1.444,-0.001993,-0.009312,0.00512,3
media_ranger_lgbm_tweedie,cont_decenal,v4,0-30 cm,0.1928,57.15,24.86,-6,1.502,-0.007728,-0.01935,0.000478,3
media_ranger_lgbm_tweedie,cont_decenal,v4,"0-30 cm, amostras reais",0.153,50.87,22.52,-4.89,1.23,-0.005609,-0.01156,-0.001714,3
media_ranger_lgbm_tweedie,cont_decenal,v4,todas,0.2485,44.29,20.32,-3.449,1.393,-0.009582,-0.01984,-0.002965,3
media_ranger_lgbm_tweedie,cont_sel,v2,0-30 cm,0.3072,52.94,23.03,-4.19,1.373,-0.007315,-0.01144,0.0002857,3
media_ranger_lgbm_tweedie,cont_sel,v2,"0-30 cm, amostras reais",0.2587,47.59,21.19,-3.129,1.32,0.00334,0.000696,0.006224,3
media_ranger_lgbm_tweedie,cont_sel,v2,todas,0.3718,40.48,18.51,-2.116,1.283,-0.0003372,-0.005134,0.007043,3
media_ranger_lgbm_tweedie,cont_sel,v3,0-30 cm,0.2344,55.66,24.11,-6.037,1.636,0.005081,0.002887,0.006406,3
media_ranger_lgbm_tweedie,cont_sel,v3,"0-30 cm, amostras reais",0.1849,49.9,21.87,-5.134,1.374,0.003303,0.0002143,0.005712,3
media_ranger_lgbm_tweedie,cont_sel,v3,todas,0.2924,42.98,19.59,-3.621,1.527,0.004264,-0.002053,0.008772,3
media_ranger_lgbm_tweedie,cont_sel,v4,0-30 cm,0.196,57.04,24.68,-6.206,1.527,-0.005185,-0.006971,-0.00412,3
media_ranger_lgbm_tweedie,cont_sel,v4,"0-30 cm, amostras reais",0.1522,50.9,22.35,-5.146,1.246,-0.001889,-0.003943,0.0008964,3
media_ranger_lgbm_tweedie,cont_sel,v4,todas,0.256,44.07,20.08,-3.467,1.443,-0.005334,-0.008071,-0.003197,3
media_ranger_lgbm_tweedie,koppen_ipef,v2,0-30 cm,0.2863,53.74,23.33,-4.851,1.341,-0.006805,-0.008241,-0.005103,3
media_ranger_lgbm_tweedie,koppen_ipef,v2,"0-30 cm, amostras reais",0.2418,48.13,21.4,-3.475,1.296,0.00166,0.0002092,0.003846,3
media_ranger_lgbm_tweedie,koppen_ipef,v2,todas,0.3445,41.36,19.04,-2.737,1.247,0.0006095,-0.01002,0.01215,3
media_ranger_lgbm_tweedie,koppen_ipef,v3,0-30 cm,0.2196,56.2,24.63,-6.515,1.594,0.004995,-0.001492,0.01132,3
media_ranger_lgbm_tweedie,koppen_ipef,v3,"0-30 cm, amostras reais",0.1728,50.27,22.36,-5.35,1.304,0.001108,-0.002711,0.005382,3
media_ranger_lgbm_tweedie,koppen_ipef,v3,todas,0.2757,43.48,20.11,-4.074,1.483,-0.0001225,-0.004258,0.00327,3
media_ranger_lgbm_tweedie,koppen_ipef,v4,0-30 cm,0.1897,57.26,25.15,-6.842,1.542,-0.002233,-0.006146,0.0002955,3
media_ranger_lgbm_tweedie,koppen_ipef,v4,"0-30 cm, amostras reais",0.1478,51.03,22.75,-5.429,1.213,-0.004148,-0.008232,-0.001823,3
media_ranger_lgbm_tweedie,koppen_ipef,v4,todas,0.2436,44.43,20.63,-4.14,1.433,-0.005196,-0.00669,-0.003102,3
media_ranger_lgbm_tweedie,th_cadsolo,v2,0-30 cm,0.2898,53.6,23.12,-4.797,1.374,-0.005806,-0.01604,0.005,3
media_ranger_lgbm_tweedie,th_cadsolo,v2,"0-30 cm, amostras reais",0.2449,48.03,21.31,-3.663,1.338,0.001542,0.0001417,0.003105,3
media_ranger_lgbm_tweedie,th_cadsolo,v2,todas,0.3499,41.18,18.8,-2.521,1.27,-0.002675,-0.003653,-0.001171,3
media_ranger_lgbm_tweedie,th_cadsolo,v3,0-30 cm,0.23,55.82,24.35,-5.949,1.543,0.002485,-0.0009845,0.005349,3
media_ranger_lgbm_tweedie,th_cadsolo,v3,"0-30 cm, amostras reais",0.1818,50,22.2,-5.112,1.308,0.001072,1.621e-05,0.002233,3
media_ranger_lgbm_tweedie,th_cadsolo,v3,todas,0.2883,43.1,19.83,-3.439,1.432,-0.002597,-0.006402,0.0003012,3
media_ranger_lgbm_tweedie,th_cadsolo,v4,0-30 cm,0.1918,57.19,24.93,-6.642,1.495,-0.01067,-0.02038,-0.001837,3
media_ranger_lgbm_tweedie,th_cadsolo,v4,"0-30 cm, amostras reais",0.1499,50.96,22.63,-5.569,1.219,-0.008573,-0.01341,-0.002761,3
media_ranger_lgbm_tweedie,th_cadsolo,v4,todas,0.2497,44.25,20.38,-3.795,1.391,-0.01158,-0.0207,-0.001589,3
media_ranger_xgb,cont_chelsa,v2,0-30 cm,0.3106,52.82,23.63,-1.779,1.127,-0.000829,-0.01234,0.02125,3
media_ranger_xgb,cont_chelsa,v2,"0-30 cm, amostras reais",0.2549,47.71,21.71,-1.402,1.088,0.001258,-0.01154,0.01371,3
media_ranger_xgb,cont_chelsa,v2,todas,0.3717,40.49,19.03,0.1112,1.076,0.007704,0.002786,0.01608,3
media_ranger_xgb,cont_chelsa,v3,0-30 cm,0.2163,56.32,24.69,-4.505,1.45,-0.007427,-0.01371,-0.003195,3
media_ranger_xgb,cont_chelsa,v3,"0-30 cm, amostras reais",0.1707,50.34,22.49,-3.609,1.198,-0.007208,-0.008888,-0.005835,3
media_ranger_xgb,cont_chelsa,v3,todas,0.2808,43.33,20.04,-1.856,1.383,-0.005189,-0.007255,-0.001096,3
media_ranger_xgb,cont_chelsa,v4,0-30 cm,0.1898,57.26,25.27,-4.75,1.324,-0.01223,-0.01512,-0.00734,3
media_ranger_xgb,cont_chelsa,v4,"0-30 cm, amostras reais",0.1471,51.05,22.91,-3.916,1.095,-0.00595,-0.0104,-0.003375,3
media_ranger_xgb,cont_chelsa,v4,todas,0.2557,44.08,20.61,-1.467,1.296,-0.008233,-0.01329,-0.002839,3
media_ranger_xgb,cont_decenal,v2,0-30 cm,0.3108,52.8,23.51,-2.306,1.197,0.004776,-0.001422,0.009818,3
media_ranger_xgb,cont_decenal,v2,"0-30 cm, amostras reais",0.2583,47.6,21.57,-1.737,1.157,0.007492,0.003766,0.01157,3
media_ranger_xgb,cont_decenal,v2,todas,0.3736,40.43,18.96,-0.7157,1.138,0.007339,0.002899,0.0131,3
media_ranger_xgb,cont_decenal,v3,0-30 cm,0.2256,55.98,25.16,-3.531,1.398,-0.01154,-0.0163,-0.003626,3
media_ranger_xgb,cont_decenal,v3,"0-30 cm, amostras reais",0.1764,50.16,22.92,-2.527,1.137,-0.007957,-0.01259,-0.0007863,3
media_ranger_xgb,cont_decenal,v3,todas,0.2839,43.23,20.45,-1.634,1.324,-0.009144,-0.01334,-0.003197,3
media_ranger_xgb,cont_decenal,v4,0-30 cm,0.1929,57.15,25.39,-4.084,1.347,-0.007675,-0.01379,0.004424,3
media_ranger_xgb,cont_decenal,v4,"0-30 cm, amostras reais",0.1525,50.89,22.99,-3.107,1.101,-0.006075,-0.01199,0.000582,3
media_ranger_xgb,cont_decenal,v4,todas,0.253,44.16,20.77,-1.591,1.291,-0.005094,-0.00899,0.002286,3
media_ranger_xgb,cont_sel,v2,0-30 cm,0.3113,52.78,23.58,-2.108,1.188,-0.003282,-0.01159,0.002159,3
media_ranger_xgb,cont_sel,v2,"0-30 cm, amostras reais",0.257,47.64,21.67,-1.535,1.132,0.001711,0.0009118,0.002934,3
media_ranger_xgb,cont_sel,v2,todas,0.3746,40.39,18.97,-0.2767,1.131,0.002515,-0.004975,0.007925,3
media_ranger_xgb,cont_sel,v3,0-30 cm,0.2249,56.01,24.78,-4.144,1.474,-0.004396,-0.005627,-0.003688,3
media_ranger_xgb,cont_sel,v3,"0-30 cm, amostras reais",0.1755,50.19,22.57,-3.162,1.199,-0.006052,-0.007544,-0.004301,3
media_ranger_xgb,cont_sel,v3,todas,0.2843,43.22,20.13,-1.777,1.395,-0.003839,-0.006817,0.0007253,3
media_ranger_xgb,cont_sel,v4,0-30 cm,0.1893,57.28,25.34,-4.231,1.326,-0.01187,-0.01639,-0.004618,3
media_ranger_xgb,cont_sel,v4,"0-30 cm, amostras reais",0.1483,51.01,22.95,-3.254,1.08,-0.005723,-0.007141,-0.00458,3
media_ranger_xgb,cont_sel,v4,todas,0.2521,44.18,20.7,-1.323,1.298,-0.009183,-0.01605,0.001469,3
media_ranger_xgb,koppen_ipef,v2,0-30 cm,0.2907,53.57,23.93,-2.711,1.159,-0.002382,-0.006685,0.003772,3
media_ranger_xgb,koppen_ipef,v2,"0-30 cm, amostras reais",0.2431,48.09,21.9,-1.717,1.106,0.00293,0.002153,0.003941,3
media_ranger_xgb,koppen_ipef,v2,todas,0.3492,41.21,19.43,-1.041,1.098,0.005369,-0.005777,0.01183,3
media_ranger_xgb,koppen_ipef,v3,0-30 cm,0.2203,56.18,25.01,-4.922,1.494,0.005668,0.003737,0.007864,3
media_ranger_xgb,koppen_ipef,v3,"0-30 cm, amostras reais",0.1739,50.24,22.71,-3.77,1.2,0.002239,0.0009878,0.003342,3
media_ranger_xgb,koppen_ipef,v3,todas,0.2818,43.3,20.41,-2.398,1.395,0.005967,0.003813,0.009214,3
media_ranger_xgb,koppen_ipef,v4,0-30 cm,0.1776,57.69,25.77,-5.232,1.361,-0.01438,-0.02229,-0.009584,3
media_ranger_xgb,koppen_ipef,v4,"0-30 cm, amostras reais",0.1431,51.17,23.26,-3.847,1.077,-0.008896,-0.009949,-0.00777,3
media_ranger_xgb,koppen_ipef,v4,todas,0.2379,44.6,21.11,-2.461,1.313,-0.01094,-0.01953,-0.004898,3
media_ranger_xgb,th_cadsolo,v2,0-30 cm,0.3119,52.77,23.56,-2.803,1.223,0.01634,-0.001457,0.03897,3
media_ranger_xgb,th_cadsolo,v2,"0-30 cm, amostras reais",0.2575,47.63,21.71,-2.092,1.174,0.01416,0.00547,0.02951,3
media_ranger_xgb,th_cadsolo,v2,todas,0.3717,40.49,19.05,-0.8236,1.147,0.01911,0.007431,0.03467,3
media_ranger_xgb,th_cadsolo,v3,0-30 cm,0.2207,56.16,24.79,-4.741,1.46,-0.006737,-0.009398,-0.003209,3
media_ranger_xgb,th_cadsolo,v3,"0-30 cm, amostras reais",0.1764,50.16,22.59,-3.892,1.215,-0.004337,-0.006362,-0.00257,3
media_ranger_xgb,th_cadsolo,v3,todas,0.2854,43.19,20.16,-2.118,1.361,-0.00542,-0.01007,-0.001184,3
media_ranger_xgb,th_cadsolo,v4,0-30 cm,0.1993,56.92,25.33,-4.9,1.391,-0.00318,-0.01624,0.01692,3
media_ranger_xgb,th_cadsolo,v4,"0-30 cm, amostras reais",0.1566,50.76,23,-3.94,1.134,-0.001876,-0.01323,0.01153,3
media_ranger_xgb,th_cadsolo,v4,todas,0.2608,43.92,20.74,-1.94,1.321,-0.0004719,-0.0112,0.01539,3
modelo_mapa,cont_chelsa,v2,0-30 cm,0.2772,54.07,24.24,-7.852,1.407,-0.03417,-0.04182,-0.02676,3
modelo_mapa,cont_chelsa,v2,"0-30 cm, amostras reais",0.2132,49.02,22.18,-7.318,1.351,-0.04047,-0.04566,-0.03167,3
modelo_mapa,cont_chelsa,v2,todas,0.3301,41.81,20.6,-1.143,1.247,-0.03386,-0.03851,-0.02896,3
modelo_mapa,cont_chelsa,v3,0-30 cm,0.1392,59.02,25.45,-11.23,1.798,-0.08455,-0.09114,-0.08097,3
modelo_mapa,cont_chelsa,v3,"0-30 cm, amostras reais",0.1075,52.22,22.89,-10.24,1.46,-0.07039,-0.07513,-0.0672,3
modelo_mapa,cont_chelsa,v3,todas,0.2025,45.63,21.3,-4.306,1.729,-0.0835,-0.0879,-0.07892,3
modelo_mapa,cont_chelsa,v4,0-30 cm,0.15,58.65,25.54,-10.47,1.576,-0.05199,-0.06543,-0.04156,3
modelo_mapa,cont_chelsa,v4,"0-30 cm, amostras reais",0.1086,52.19,23.02,-9.726,1.303,-0.0445,-0.0523,-0.03882,3
modelo_mapa,cont_chelsa,v4,todas,0.2117,45.36,21.35,-3.673,1.54,-0.05218,-0.06465,-0.04229,3
modelo_mapa,cont_decenal,v2,0-30 cm,0.2514,55.03,24.5,-8.127,1.551,-0.05461,-0.06564,-0.04392,3
modelo_mapa,cont_decenal,v2,"0-30 cm, amostras reais",0.1948,49.59,22.38,-7.304,1.453,-0.05596,-0.05935,-0.0496,3
modelo_mapa,cont_decenal,v2,todas,0.3123,42.35,20.77,-1.734,1.364,-0.05393,-0.07097,-0.04454,3
modelo_mapa,cont_decenal,v3,0-30 cm,0.1714,57.91,25.56,-9.274,1.76,-0.06579,-0.07249,-0.05278,3
modelo_mapa,cont_decenal,v3,"0-30 cm, amostras reais",0.1321,51.49,23.03,-8.338,1.409,-0.05228,-0.05965,-0.04677,3
modelo_mapa,cont_decenal,v3,todas,0.2191,45.15,21.65,-3.154,1.69,-0.07398,-0.08283,-0.05919,3
modelo_mapa,cont_decenal,v4,0-30 cm,0.1611,58.27,25.61,-9.241,1.642,-0.03948,-0.05311,-0.0187,3
modelo_mapa,cont_decenal,v4,"0-30 cm, amostras reais",0.1223,51.78,23.04,-8.428,1.337,-0.03625,-0.04329,-0.02523,3
modelo_mapa,cont_decenal,v4,todas,0.2156,45.25,21.63,-3.08,1.585,-0.04252,-0.05361,-0.02499,3
modelo_mapa,cont_sel,v2,0-30 cm,0.2699,54.34,24.29,-7.953,1.462,-0.04461,-0.05024,-0.03911,3
modelo_mapa,cont_sel,v2,"0-30 cm, amostras reais",0.2039,49.31,22.23,-7.346,1.379,-0.05139,-0.05938,-0.04363,3
modelo_mapa,cont_sel,v2,todas,0.3272,41.89,20.6,-1.349,1.303,-0.04488,-0.05334,-0.04024,3
modelo_mapa,cont_sel,v3,0-30 cm,0.1628,58.21,25.4,-10.41,1.788,-0.06646,-0.07779,-0.05778,3
modelo_mapa,cont_sel,v3,"0-30 cm, amostras reais",0.1203,51.84,22.92,-9.455,1.417,-0.06125,-0.06824,-0.05472,3
modelo_mapa,cont_sel,v3,todas,0.2178,45.18,21.39,-3.792,1.732,-0.07032,-0.07465,-0.06734,3
modelo_mapa,cont_sel,v4,0-30 cm,0.1553,58.47,25.55,-9.859,1.616,-0.04594,-0.05126,-0.03627,3
modelo_mapa,cont_sel,v4,"0-30 cm, amostras reais",0.1139,52.03,23,-9.043,1.297,-0.04019,-0.04594,-0.03355,3
modelo_mapa,cont_sel,v4,todas,0.2174,45.2,21.43,-3.35,1.591,-0.04393,-0.05714,-0.02852,3
modelo_mapa,koppen_ipef,v2,0-30 cm,0.2294,55.82,24.92,-8.478,1.464,-0.06366,-0.1018,-0.04065,3
modelo_mapa,koppen_ipef,v2,"0-30 cm, amostras reais",0.1794,50.06,22.63,-7.402,1.364,-0.06074,-0.08057,-0.04792,3
modelo_mapa,koppen_ipef,v2,todas,0.2861,43.15,21.24,-1.837,1.314,-0.05771,-0.09808,-0.03105,3
modelo_mapa,koppen_ipef,v3,0-30 cm,0.1588,58.35,25.62,-10.31,1.85,-0.05575,-0.06367,-0.04475,3
modelo_mapa,koppen_ipef,v3,"0-30 cm, amostras reais",0.124,51.73,23.01,-9.222,1.496,-0.04765,-0.05295,-0.0439,3
modelo_mapa,koppen_ipef,v3,todas,0.2114,45.37,21.79,-3.486,1.793,-0.06446,-0.06581,-0.06234,3
modelo_mapa,koppen_ipef,v4,0-30 cm,0.1394,59.01,26.01,-10.16,1.698,-0.05256,-0.05982,-0.04878,3
modelo_mapa,koppen_ipef,v4,"0-30 cm, amostras reais",0.1112,52.11,23.25,-8.981,1.338,-0.04071,-0.04678,-0.03737,3
modelo_mapa,koppen_ipef,v4,todas,0.1962,45.8,21.98,-3.536,1.648,-0.05258,-0.05527,-0.04832,3
modelo_mapa,th_cadsolo,v2,0-30 cm,0.2477,55.16,24.73,-8.616,1.55,-0.0479,-0.05416,-0.04302,3
modelo_mapa,th_cadsolo,v2,"0-30 cm, amostras reais",0.189,49.77,22.66,-7.853,1.458,-0.05434,-0.05722,-0.0515,3
modelo_mapa,th_cadsolo,v2,todas,0.3071,42.51,21.03,-1.561,1.363,-0.04552,-0.05765,-0.0389,3
modelo_mapa,th_cadsolo,v3,0-30 cm,0.1736,57.83,25.47,-10.03,1.862,-0.05391,-0.05939,-0.04626,3
modelo_mapa,th_cadsolo,v3,"0-30 cm, amostras reais",0.1337,51.45,22.99,-9.286,1.549,-0.04702,-0.04918,-0.04417,3
modelo_mapa,th_cadsolo,v3,todas,0.2242,45,21.61,-3.078,1.769,-0.06668,-0.07434,-0.05777,3
modelo_mapa,th_cadsolo,v4,0-30 cm,0.1496,58.66,25.87,-10.12,1.736,-0.05285,-0.06923,-0.04194,3
modelo_mapa,th_cadsolo,v4,"0-30 cm, amostras reais",0.116,51.97,23.27,-9.289,1.417,-0.04245,-0.05402,-0.03291,3
modelo_mapa,th_cadsolo,v4,todas,0.2092,45.43,21.78,-3.225,1.662,-0.05202,-0.06393,-0.04524,3
ranger_validado,cont_chelsa,v2,0-30 cm,0.3114,52.77,23.42,-2.272,1.205,0,0,0,3
ranger_validado,cont_chelsa,v2,"0-30 cm, amostras reais",0.2537,47.75,21.6,-1.626,1.159,0,0,0,3
ranger_validado,cont_chelsa,v2,todas,0.364,40.74,19.32,0.6815,1.086,0,0,0,3
ranger_validado,cont_chelsa,v3,0-30 cm,0.2238,56.05,24.45,-4.614,1.514,0,0,0,3
ranger_validado,cont_chelsa,v3,"0-30 cm, amostras reais",0.1779,50.12,22.19,-3.897,1.279,0,0,0,3
ranger_validado,cont_chelsa,v3,todas,0.286,43.17,20.17,-1.367,1.416,0,0,0,3
ranger_validado,cont_chelsa,v4,0-30 cm,0.202,56.83,25.21,-4.49,1.341,0,0,0,3
ranger_validado,cont_chelsa,v4,"0-30 cm, amostras reais",0.153,50.87,22.87,-3.859,1.128,0,0,0,3
ranger_validado,cont_chelsa,v4,todas,0.2639,43.83,20.82,-0.7695,1.282,0,0,0,3
ranger_validado,cont_decenal,v2,0-30 cm,0.306,52.99,23.38,-3.017,1.312,0,0,0,3
ranger_validado,cont_decenal,v2,"0-30 cm, amostras reais",0.2508,47.84,21.57,-2.06,1.244,0,0,0,3
ranger_validado,cont_decenal,v2,todas,0.3663,40.66,19.18,-0.4834,1.176,0,0,0,3
ranger_validado,cont_decenal,v3,0-30 cm,0.2372,55.56,25,-3.674,1.44,0,0,0,3
ranger_validado,cont_decenal,v3,"0-30 cm, amostras reais",0.1844,49.92,22.75,-2.897,1.196,0,0,0,3
ranger_validado,cont_decenal,v3,todas,0.2931,42.96,20.61,-1.121,1.349,0,0,0,3
ranger_validado,cont_decenal,v4,0-30 cm,0.2006,56.88,25.43,-3.8,1.397,0,0,0,3
ranger_validado,cont_decenal,v4,"0-30 cm, amostras reais",0.1586,50.7,23.03,-2.947,1.153,0,0,0,3
ranger_validado,cont_decenal,v4,todas,0.2581,44.01,21.02,-0.8654,1.307,0,0,0,3
ranger_validado,cont_sel,v2,0-30 cm,0.3145,52.65,23.42,-2.515,1.268,0,0,0,3
ranger_validado,cont_sel,v2,"0-30 cm, amostras reais",0.2553,47.69,21.6,-1.698,1.197,0,0,0,3
ranger_validado,cont_sel,v2,todas,0.3721,40.47,19.21,0.2615,1.138,0,0,0,3
ranger_validado,cont_sel,v3,0-30 cm,0.2293,55.85,24.68,-4.315,1.547,0,0,0,3
ranger_validado,cont_sel,v3,"0-30 cm, amostras reais",0.1815,50.01,22.39,-3.496,1.281,0,0,0,3
ranger_validado,cont_sel,v3,todas,0.2881,43.11,20.37,-1.324,1.434,0,0,0,3
ranger_validado,cont_sel,v4,0-30 cm,0.2012,56.86,25.37,-3.787,1.341,0,0,0,3
ranger_validado,cont_sel,v4,"0-30 cm, amostras reais",0.1541,50.84,22.99,-3.019,1.105,0,0,0,3
ranger_validado,cont_sel,v4,todas,0.2613,43.91,20.94,-0.5445,1.284,0,0,0,3
ranger_validado,koppen_ipef,v2,0-30 cm,0.2931,53.48,23.74,-3.281,1.243,0,0,0,3
ranger_validado,koppen_ipef,v2,"0-30 cm, amostras reais",0.2401,48.18,21.82,-2.045,1.185,0,0,0,3
ranger_validado,koppen_ipef,v2,todas,0.3439,41.38,19.69,-0.6493,1.107,0,0,0,3
ranger_validado,koppen_ipef,v3,0-30 cm,0.2146,56.38,24.98,-5.203,1.537,0,0,0,3
ranger_validado,koppen_ipef,v3,"0-30 cm, amostras reais",0.1717,50.31,22.64,-4.139,1.256,0,0,0,3
ranger_validado,koppen_ipef,v3,todas,0.2758,43.48,20.66,-2.089,1.416,0,0,0,3
ranger_validado,koppen_ipef,v4,0-30 cm,0.192,57.18,25.59,-5.085,1.466,0,0,0,3
ranger_validado,koppen_ipef,v4,"0-30 cm, amostras reais",0.1519,50.9,23.11,-3.819,1.162,0,0,0,3
ranger_validado,koppen_ipef,v4,todas,0.2488,44.28,21.27,-1.865,1.359,0,0,0,3
ranger_validado,th_cadsolo,v2,0-30 cm,0.2956,53.38,23.45,-3.664,1.331,0,0,0,3
ranger_validado,th_cadsolo,v2,"0-30 cm, amostras reais",0.2433,48.08,21.64,-2.604,1.272,0,0,0,3
ranger_validado,th_cadsolo,v2,todas,0.3526,41.1,19.37,-0.6124,1.174,0,0,0,3
ranger_validado,th_cadsolo,v3,0-30 cm,0.2275,55.91,24.78,-4.702,1.519,0,0,0,3
ranger_validado,th_cadsolo,v3,"0-30 cm, amostras reais",0.1807,50.03,22.55,-3.951,1.282,0,0,0,3
ranger_validado,th_cadsolo,v3,todas,0.2909,43.02,20.44,-1.507,1.393,0,0,0,3
ranger_validado,th_cadsolo,v4,0-30 cm,0.2025,56.81,25.3,-4.808,1.438,0,0,0,3
ranger_validado,th_cadsolo,v4,"0-30 cm, amostras reais",0.1584,50.71,22.95,-3.962,1.186,0,0,0,3
ranger_validado,th_cadsolo,v4,todas,0.2612,43.91,21.02,-1.342,1.328,0,0,0,3
rf_ajustado,cont_chelsa,v2,0-30 cm,0.2882,53.64,23.37,-2.928,1.175,-0.02318,-0.03664,-0.01353,3
rf_ajustado,cont_chelsa,v2,"0-30 cm, amostras reais",0.2347,48.35,21.47,-2.277,1.135,-0.01893,-0.0299,-0.01246,3
rf_ajustado,cont_chelsa,v2,todas,0.3415,41.44,19.06,-0.4501,1.064,-0.02241,-0.03881,-0.01069,3
rf_ajustado,cont_chelsa,v3,0-30 cm,0.1796,57.62,24.58,-5.592,1.357,-0.0442,-0.05322,-0.03003,3
rf_ajustado,cont_chelsa,v3,"0-30 cm, amostras reais",0.1493,50.98,22.24,-4.595,1.148,-0.02864,-0.03395,-0.02235,3
rf_ajustado,cont_chelsa,v3,todas,0.2381,44.6,20.13,-2.788,1.288,-0.04793,-0.05346,-0.04284,3
rf_ajustado,cont_chelsa,v4,0-30 cm,0.1666,58.07,25.24,-5.375,1.236,-0.03538,-0.0506,-0.02333,3
rf_ajustado,cont_chelsa,v4,"0-30 cm, amostras reais",0.132,51.5,22.83,-4.451,1.04,-0.02105,-0.03324,-0.01239,3
rf_ajustado,cont_chelsa,v4,todas,0.2251,44.97,20.63,-2.262,1.19,-0.03879,-0.05218,-0.02682,3
rf_ajustado,cont_decenal,v2,0-30 cm,0.288,53.66,23.3,-3.338,1.262,-0.01808,-0.0405,-0.004739,3
rf_ajustado,cont_decenal,v2,"0-30 cm, amostras reais",0.2359,48.31,21.42,-2.516,1.214,-0.0149,-0.02801,-0.007108,3
rf_ajustado,cont_decenal,v2,todas,0.3441,41.36,19.06,-1.242,1.131,-0.0222,-0.05064,-0.0019,3
rf_ajustado,cont_decenal,v3,0-30 cm,0.1953,57.07,24.97,-4.782,1.398,-0.0419,-0.04937,-0.03077,3
rf_ajustado,cont_decenal,v3,"0-30 cm, amostras reais",0.1578,50.72,22.66,-3.662,1.13,-0.02655,-0.03136,-0.02319,3
rf_ajustado,cont_decenal,v3,todas,0.242,44.48,20.5,-2.684,1.292,-0.05105,-0.0627,-0.0364,3
rf_ajustado,cont_decenal,v4,0-30 cm,0.1762,57.74,25.26,-4.932,1.318,-0.02433,-0.02688,-0.02193,3
rf_ajustado,cont_decenal,v4,"0-30 cm, amostras reais",0.1402,51.25,22.86,-3.938,1.077,-0.01835,-0.01899,-0.0171,3
rf_ajustado,cont_decenal,v4,todas,0.2282,44.88,20.76,-2.455,1.229,-0.02988,-0.03133,-0.02865,3
rf_ajustado,cont_sel,v2,0-30 cm,0.2914,53.53,23.29,-3.142,1.259,-0.02312,-0.03354,-0.01704,3
rf_ajustado,cont_sel,v2,"0-30 cm, amostras reais",0.2371,48.27,21.4,-2.375,1.188,-0.0182,-0.02803,-0.01085,3
rf_ajustado,cont_sel,v2,todas,0.3515,41.13,18.92,-0.7438,1.137,-0.02065,-0.03388,-0.01044,3
rf_ajustado,cont_sel,v3,0-30 cm,0.1916,57.2,24.66,-5.259,1.442,-0.03767,-0.04195,-0.03134,3
rf_ajustado,cont_sel,v3,"0-30 cm, amostras reais",0.1552,50.8,22.33,-4.188,1.166,-0.02634,-0.02903,-0.02439,3
rf_ajustado,cont_sel,v3,todas,0.2453,44.38,20.2,-2.79,1.349,-0.04284,-0.04394,-0.0414,3
rf_ajustado,cont_sel,v4,0-30 cm,0.1764,57.73,25.21,-4.952,1.321,-0.0248,-0.04143,-0.01256,3
rf_ajustado,cont_sel,v4,"0-30 cm, amostras reais",0.1375,51.33,22.83,-3.948,1.064,-0.01658,-0.02971,-0.008222,3
rf_ajustado,cont_sel,v4,todas,0.2348,44.69,20.59,-2.178,1.259,-0.02649,-0.04078,-0.01246,3
rf_ajustado,koppen_ipef,v2,0-30 cm,0.2709,54.3,23.74,-3.806,1.223,-0.0222,-0.05366,0.0006563,3
rf_ajustado,koppen_ipef,v2,"0-30 cm, amostras reais",0.2206,48.79,21.75,-2.563,1.156,-0.01958,-0.03758,-0.008437,3
rf_ajustado,koppen_ipef,v2,todas,0.3225,42.03,19.53,-1.839,1.1,-0.02139,-0.05846,0.0005583,3
rf_ajustado,koppen_ipef,v3,0-30 cm,0.1843,57.45,25.07,-6.104,1.472,-0.03027,-0.03591,-0.02132,3
rf_ajustado,koppen_ipef,v3,"0-30 cm, amostras reais",0.153,50.87,22.62,-4.742,1.169,-0.01868,-0.02192,-0.01506,3
rf_ajustado,koppen_ipef,v3,todas,0.2302,44.82,20.68,-3.666,1.353,-0.04559,-0.05039,-0.03876,3
rf_ajustado,koppen_ipef,v4,0-30 cm,0.1639,58.17,25.57,-6.055,1.376,-0.02805,-0.04768,-0.01534,3
rf_ajustado,koppen_ipef,v4,"0-30 cm, amostras reais",0.1342,51.43,23.03,-4.601,1.079,-0.01773,-0.03049,-0.0113,3
rf_ajustado,koppen_ipef,v4,todas,0.2128,45.33,21.08,-3.44,1.284,-0.036,-0.05158,-0.02552,3
rf_ajustado,th_cadsolo,v2,0-30 cm,0.2797,53.97,23.48,-3.698,1.254,-0.01584,-0.02734,0.001604,3
rf_ajustado,th_cadsolo,v2,"0-30 cm, amostras reais",0.2284,48.54,21.64,-2.77,1.209,-0.01487,-0.02471,-0.00322,3
rf_ajustado,th_cadsolo,v2,todas,0.3343,41.67,19.21,-1.591,1.118,-0.01832,-0.03764,0.003849,3
rf_ajustado,th_cadsolo,v3,0-30 cm,0.1895,57.27,24.91,-5.356,1.382,-0.03797,-0.0486,-0.02967,3
rf_ajustado,th_cadsolo,v3,"0-30 cm, amostras reais",0.1568,50.76,22.61,-4.365,1.15,-0.02394,-0.02811,-0.02128,3
rf_ajustado,th_cadsolo,v3,todas,0.2384,44.59,20.47,-2.998,1.269,-0.05246,-0.05756,-0.04852,3
rf_ajustado,th_cadsolo,v4,0-30 cm,0.167,58.06,25.44,-5.54,1.28,-0.03545,-0.04377,-0.02515,3
rf_ajustado,th_cadsolo,v4,"0-30 cm, amostras reais",0.1337,51.45,23.06,-4.549,1.053,-0.02472,-0.02774,-0.02004,3
rf_ajustado,th_cadsolo,v4,todas,0.2181,45.18,20.89,-2.891,1.198,-0.04317,-0.05371,-0.03018,3
xgb,cont_chelsa,v2,0-30 cm,0.2909,53.57,24.24,-1.286,1.01,-0.02043,-0.05227,0.03071,3
xgb,cont_chelsa,v2,"0-30 cm, amostras reais",0.2373,48.27,22.2,-1.179,0.9633,-0.0164,-0.04204,0.01398,3
xgb,cont_chelsa,v2,todas,0.3561,41,19.21,-0.4591,1.006,-0.007901,-0.0234,0.01757,3
xgb,cont_chelsa,v3,0-30 cm,0.1973,57,25.28,-4.395,1.268,-0.02651,-0.03978,-0.01838,3
xgb,cont_chelsa,v3,"0-30 cm, amostras reais",0.1494,50.98,23.15,-3.322,1.02,-0.02854,-0.03187,-0.02457,3
xgb,cont_chelsa,v3,todas,0.2622,43.88,20.26,-2.346,1.249,-0.02381,-0.02848,-0.0147,3
xgb,cont_chelsa,v4,0-30 cm,0.1652,58.12,25.68,-5.01,1.19,-0.03681,-0.0442,-0.02426,3
xgb,cont_chelsa,v4,"0-30 cm, amostras reais",0.1271,51.64,23.3,-3.974,0.9687,-0.02596,-0.03757,-0.01885,3
xgb,cont_chelsa,v4,todas,0.2318,44.78,20.78,-2.164,1.199,-0.03212,-0.04355,-0.01912,3
xgb,cont_decenal,v2,0-30 cm,0.294,53.45,24.05,-1.595,1.055,-0.01201,-0.03699,0.002736,3
xgb,cont_decenal,v2,"0-30 cm, amostras reais",0.2482,47.93,21.96,-1.415,1.024,-0.002609,-0.01037,0.01203,3
xgb,cont_decenal,v2,todas,0.3585,40.91,19.18,-0.948,1.046,-0.007794,-0.02114,0.003923,3
xgb,cont_decenal,v3,0-30 cm,0.2035,56.77,25.67,-3.389,1.25,-0.03371,-0.04409,-0.0167,3
xgb,cont_decenal,v3,"0-30 cm, amostras reais",0.1561,50.77,23.42,-2.156,0.9999,-0.02825,-0.03856,-0.01319,3
xgb,cont_decenal,v3,todas,0.2619,43.89,20.65,-2.147,1.211,-0.03119,-0.04087,-0.01823,3
xgb,cont_decenal,v4,0-30 cm,0.174,57.81,25.68,-4.367,1.192,-0.02652,-0.04007,-0.0005143,3
xgb,cont_decenal,v4,"0-30 cm, amostras reais",0.133,51.47,23.29,-3.267,0.9618,-0.02556,-0.03951,-0.0104,3
xgb,cont_decenal,v4,todas,0.2346,44.7,20.88,-2.316,1.184,-0.02351,-0.03253,-0.006751,3
xgb,cont_sel,v2,0-30 cm,0.2936,53.46,24.09,-1.701,1.073,-0.02096,-0.04265,-0.009038,3
xgb,cont_sel,v2,"0-30 cm, amostras reais",0.2439,48.06,22.07,-1.371,1.017,-0.01143,-0.01583,-0.004703,3
xgb,cont_sel,v2,todas,0.3571,40.95,19.16,-0.8149,1.06,-0.01498,-0.02296,-0.004525,3
xgb,cont_sel,v3,0-30 cm,0.2096,56.56,25.24,-3.972,1.294,-0.01973,-0.02092,-0.01831,3
xgb,cont_sel,v3,"0-30 cm, amostras reais",0.1561,50.78,23.11,-2.828,1.028,-0.02546,-0.03002,-0.02079,3
xgb,cont_sel,v3,todas,0.2672,43.73,20.25,-2.231,1.259,-0.02089,-0.02618,-0.01061,3
xgb,cont_sel,v4,0-30 cm,0.1643,58.15,25.67,-4.674,1.177,-0.03691,-0.04755,-0.02205,3
xgb,cont_sel,v4,"0-30 cm, amostras reais",0.128,51.61,23.26,-3.489,0.9525,-0.02604,-0.02732,-0.02415,3
xgb,cont_sel,v4,todas,0.2262,44.94,20.86,-2.101,1.187,-0.03516,-0.04784,-0.01329,3
xgb,koppen_ipef,v2,0-30 cm,0.2715,54.29,24.51,-2.141,1.037,-0.02164,-0.03249,-0.00944,3
xgb,koppen_ipef,v2,"0-30 cm, amostras reais",0.229,48.53,22.36,-1.389,0.9793,-0.01111,-0.01396,-0.007393,3
xgb,koppen_ipef,v2,todas,0.3337,41.7,19.6,-1.433,1.028,-0.01019,-0.02426,-0.001208,3
xgb,koppen_ipef,v3,0-30 cm,0.216,56.33,25.4,-4.641,1.349,0.001417,-0.003223,0.005827,3
xgb,koppen_ipef,v3,"0-30 cm, amostras reais",0.1638,50.54,23.14,-3.402,1.061,-0.007863,-0.01165,-0.00449,3
xgb,koppen_ipef,v3,todas,0.2761,43.47,20.49,-2.707,1.288,0.0002899,-0.005633,0.007247,3
xgb,koppen_ipef,v4,0-30 cm,0.152,58.58,26.29,-5.379,1.155,-0.04,-0.0556,-0.03163,3
xgb,koppen_ipef,v4,"0-30 cm, amostras reais",0.1206,51.83,23.75,-3.875,0.9208,-0.03134,-0.03531,-0.02609,3
xgb,koppen_ipef,v4,todas,0.2134,45.31,21.31,-3.057,1.17,-0.03539,-0.05223,-0.0247,3
xgb,th_cadsolo,v2,0-30 cm,0.3091,52.88,24.09,-1.942,1.079,0.01348,-0.03098,0.06386,3
xgb,th_cadsolo,v2,"0-30 cm, amostras reais",0.2532,47.77,22.16,-1.581,1.027,0.009831,-0.01254,0.04381,3
xgb,th_cadsolo,v2,todas,0.3692,40.58,19.18,-1.035,1.058,0.01662,-0.01503,0.05406,3
xgb,th_cadsolo,v3,0-30 cm,0.2039,56.76,25.13,-4.78,1.298,-0.02355,-0.02896,-0.0156,3
xgb,th_cadsolo,v3,"0-30 cm, amostras reais",0.16,50.66,22.95,-3.832,1.062,-0.02078,-0.0244,-0.01684,3
xgb,th_cadsolo,v3,todas,0.2678,43.72,20.21,-2.729,1.245,-0.02305,-0.03255,-0.01563,3
xgb,th_cadsolo,v4,0-30 cm,0.1848,57.42,25.68,-4.992,1.232,-0.01771,-0.04493,0.02496,3
xgb,th_cadsolo,v4,"0-30 cm, amostras reais",0.1412,51.22,23.37,-3.919,0.9935,-0.01726,-0.04198,0.01251,3
xgb,th_cadsolo,v4,todas,0.2467,44.33,20.79,-2.538,1.214,-0.01452,-0.03704,0.01895,3
