matriz,covariavel,n,iguais,dif_media,r
c03_psd_v2025_11_18,ARGISSOLO,300,1,0,1
c03_psd_v2025_11_18,Amazonas_Solimoes_Provincia,300,1,0,1
c03_psd_v2025_11_18,Amazonia,300,1,0,1
c03_psd_v2025_11_18,Amazonia_Provincia,300,1,0,1
c03_psd_v2025_11_18,Argisols,300,1,0,1
c03_psd_v2025_11_18,Borborema_Provincia,300,1,0,1
c03_psd_v2025_11_18,CAMBISSOLO,300,1,0,1
c03_psd_v2025_11_18,CHERNOSSOLO,300,1,0,
c03_psd_v2025_11_18,Caatinga,300,1,0,1
c03_psd_v2025_11_18,Campinarana,300,1,0,1
c03_psd_v2025_11_18,Cerrado,300,1,0,1
c03_psd_v2025_11_18,Cobertura_Cenozoica_Provincia,300,1,0,1
c03_psd_v2025_11_18,Costeira_Margem_Continental_Provincia,300,1,0,1
c03_psd_v2025_11_18,Distance_to_rock_v33,300,1,0,1
c03_psd_v2025_11_18,Distance_to_sand_v33,300,1,0,1
c03_psd_v2025_11_18,ESPODOSSOLO,300,1,0,1
c03_psd_v2025_11_18,Estepe,300,1,0,1
c03_psd_v2025_11_18,Ferralsols,300,1,0,1
c03_psd_v2025_11_18,Floresta_Estacional_Decidual,300,1,0,1
c03_psd_v2025_11_18,Floresta_Estacional_Semidecidual,300,1,0,1
c03_psd_v2025_11_18,Floresta_Estacional_Sempre_Verde,300,1,0,1
c03_psd_v2025_11_18,Floresta_Ombrofila_Aberta,300,1,0,1
c03_psd_v2025_11_18,Floresta_Ombrofila_Densa,300,1,0,1
c03_psd_v2025_11_18,Floresta_Ombrofila_Mista,300,1,0,1
c03_psd_v2025_11_18,Formacao_Pioneira,300,1,0,1
c03_psd_v2025_11_18,GLEISSOLO,300,1,0,1
c03_psd_v2025_11_18,Gurupi_Provincia,300,1,0,
c03_psd_v2025_11_18,Histosols,300,1,0,1
c03_psd_v2025_11_18,Humisols,300,1,0,1
c03_psd_v2025_11_18,LATOSSOLO,300,1,0,1
c03_psd_v2025_11_18,LUVISSOLO,300,1,0,1
c03_psd_v2025_11_18,Mantiqueira_Provincia,300,1,0,1
c03_psd_v2025_11_18,Mata_Atlantica,300,1,0,1
c03_psd_v2025_11_18,NEOSSOLO_FLUVICO,300,1,0,1
c03_psd_v2025_11_18,NEOSSOLO_LITOLICO,300,1,0,1
c03_psd_v2025_11_18,NEOSSOLO_QUARTZARENICO,300,1,0,1
c03_psd_v2025_11_18,NEOSSOLO_REGOLITICO,300,1,0,1
c03_psd_v2025_11_18,NITOSSOLO,300,1,0,1
c03_psd_v2025_11_18,Nitisols,300,1,0,1
c03_psd_v2025_11_18,ORGANOSSOLO,300,1,0,
c03_psd_v2025_11_18,PLANOSSOLO,300,1,0,1
c03_psd_v2025_11_18,PLINTOSSOLO,300,1,0,1
c03_psd_v2025_11_18,Pampa,300,1,0,1
c03_psd_v2025_11_18,Pantanal,300,1,0,1
c03_psd_v2025_11_18,Parana_Provincia,300,1,0,1
c03_psd_v2025_11_18,Parecis_Provincia,300,1,0,1
c03_psd_v2025_11_18,Parnaiba_Provincia,300,1,0,1
c03_psd_v2025_11_18,Plinthosols,300,1,0,1
c03_psd_v2025_11_18,Reconcavo_Tucano_Jatoba_Provincia,300,1,0,
c03_psd_v2025_11_18,Sandysols,300,1,0,1
c03_psd_v2025_11_18,Sao_Francisco_Provincia,300,1,0,1
c03_psd_v2025_11_18,Sao_Luis_Provincia,300,1,0,
c03_psd_v2025_11_18,Savana,300,1,0,1
c03_psd_v2025_11_18,Savana_Estepica,300,1,0,1
c03_psd_v2025_11_18,Thinsols,300,1,0,1
c03_psd_v2025_11_18,Tocantis_Provincia,300,1,0,1
c03_psd_v2025_11_18,VERTISSOLO,300,1,0,
c03_psd_v2025_11_18,Vertisols,300,1,0,1
c03_psd_v2025_11_18,Water_40y_recurrence,300,1,0,1
c03_psd_v2025_11_18,Wetsols,300,1,0,1
c03_psd_v2025_11_18,Zona_Costeira,300,1,0,1
c03_psd_v2025_11_18,amazonia_sedimentos,300,1,0,1
c03_psd_v2025_11_18,argissolo_metamorficas,300,1,0,1
c03_psd_v2025_11_18,argissolo_sedimentares,300,1,0,1
c03_psd_v2025_11_18,argissolo_sedimentos,300,1,0,1
c03_psd_v2025_11_18,black_soil_prob,300,1,0,1
c03_psd_v2025_11_18,caatinga_latossolo,300,1,0,1
c03_psd_v2025_11_18,caatinga_sedimentos,300,1,0,1
c03_psd_v2025_11_18,cerrado_sedimentos,300,1,0,1
c03_psd_v2025_11_18,convergence,300,1,0,1
c03_psd_v2025_11_18,cross_sectional,300,1,0,1
c03_psd_v2025_11_18,cti,300,1,0,1
c03_psd_v2025_11_18,dev_magnitude,300,1,0,1
c03_psd_v2025_11_18,dev_scale,300,1,0,1
c03_psd_v2025_11_18,eastness,300,1,0,1
c03_psd_v2025_11_18,elev_stdev,300,1,0,1
c03_psd_v2025_11_18,elevation,300,0.9267,0.78,0.9999
c03_psd_v2025_11_18,koppen_l1_A,300,1,0,1
c03_psd_v2025_11_18,koppen_l1_B,300,1,0,1
c03_psd_v2025_11_18,koppen_l1_C,300,1,0,1
c03_psd_v2025_11_18,koppen_l2_Af,300,1,0,1
c03_psd_v2025_11_18,koppen_l2_Am,300,1,0,1
c03_psd_v2025_11_18,koppen_l2_As,300,1,0,1
c03_psd_v2025_11_18,koppen_l2_Aw,300,1,0,1
c03_psd_v2025_11_18,koppen_l2_Bs,300,1,0,1
c03_psd_v2025_11_18,koppen_l2_Cf,300,1,0,1
c03_psd_v2025_11_18,koppen_l2_Cs,300,1,0,
c03_psd_v2025_11_18,koppen_l2_Cw,300,1,0,1
c03_psd_v2025_11_18,koppen_l3_Bsh,300,1,0,1
c03_psd_v2025_11_18,koppen_l3_Cfa,300,1,0,1
c03_psd_v2025_11_18,koppen_l3_Cfb,300,1,0,1
c03_psd_v2025_11_18,koppen_l3_Csa,300,1,0,
c03_psd_v2025_11_18,koppen_l3_Csb,300,1,0,
c03_psd_v2025_11_18,koppen_l3_Cwa,300,1,0,1
c03_psd_v2025_11_18,koppen_l3_Cwb,300,1,0,1
c03_psd_v2025_11_18,koppen_l3_Cwc,300,1,0,
c03_psd_v2025_11_18,latossolo_metamorficas,300,1,0,1
c03_psd_v2025_11_18,latossolo_plutonicas,300,1,0,
c03_psd_v2025_11_18,latossolo_sedimentares,300,1,0,1
c03_psd_v2025_11_18,latossolo_sedimentos,300,1,0,1
c03_psd_v2025_11_18,latossolo_vulcanicas,300,1,0,1
c03_psd_v2025_11_18,longitudinal_curvature,300,1,0,1
c03_psd_v2025_11_18,mata_atlantica_sedimentos,300,1,0,1
c03_psd_v2025_11_18,metamorficas,300,1,0,1
c03_psd_v2025_11_18,northness,300,1,0,1
c03_psd_v2025_11_18,pampa_sedimentos,300,1,0,1
c03_psd_v2025_11_18,pantanal_gleissolo,300,1,0,
c03_psd_v2025_11_18,pantanal_neossolo_quartzarenico,300,1,0,
c03_psd_v2025_11_18,pantanal_planossolo,300,1,0,1
c03_psd_v2025_11_18,pantanal_plintossolo,300,1,0,1
c03_psd_v2025_11_18,pantanal_sedimentos,300,1,0,1
c03_psd_v2025_11_18,plutonicas,300,1,0,1
c03_psd_v2025_11_18,raso_plutonica,300,1,0,1
c03_psd_v2025_11_18,raso_sedimentares,300,1,0,1
c03_psd_v2025_11_18,raso_vulcanica,300,1,0,1
c03_psd_v2025_11_18,roughness,300,1,0,1
c03_psd_v2025_11_18,sedimentares,300,1,0,1
c03_psd_v2025_11_18,sedimentos,300,1,0,1
c03_psd_v2025_11_18,sibcs_argiloso,300,1,0,1
c03_psd_v2025_11_18,sibcs_btextural,300,1,0,1
c03_psd_v2025_11_18,sibcs_esqueleto,300,1,0,1
c03_psd_v2025_11_18,sibcs_homogeneo,300,1,0,1
c03_psd_v2025_11_18,sibcs_rasos,300,1,0,1
c03_psd_v2025_11_18,slope,300,1,0,1
c03_psd_v2025_11_18,spi,300,1,0,1
c03_psd_v2025_11_18,vulcanicas,300,1,0,1
carbon_datac2v2,Area_Estavel,300,1,0,1
carbon_datac2v2,agropecuaria,300,1,0,1
carbon_datac2v2,campoAlagadoAreaPantanosa,300,1,0,1
carbon_datac2v2,formacaoCampestre,300,1,0,1
carbon_datac2v2,formacaoFlorestal,300,1,0,1
carbon_datac2v2,formacaoSavanica,300,1,0,1
carbon_datac2v2,lavouras,300,1,0,1
carbon_datac2v2,mb_evi2_median_decay,300,1,0,1
carbon_datac2v2,mb_ndvi_median_decay,300,1,0,1
carbon_datac2v2,mb_savi_median_decay,300,1,0,1
carbon_datac2v2,mb_water_recurrence_dynamic,300,0.01,949.9,-0.2462
carbon_datac2v2,mosaicoDeUsos,300,1,0,1
carbon_datac2v2,natural,300,1,0,1
carbon_datac2v2,outrasFormacoesFlorestais,300,1,0,1
carbon_datac2v2,pastagem,300,1,0,1
carbon_datac2v2,restingas,300,1,0,
carbon_datac2v2,silvicultura,300,1,0,1
