cenario,covariavel,importancia,posicao,clima
koppen_ipef,areia_000_030cm,0.0394906492121736,6,FALSE
koppen_ipef,silte_000_030cm,0.0365139548646551,8,FALSE
koppen_ipef,argila_000_030cm,0.0433418271961156,4,FALSE
koppen_ipef,Ferralsols,0.030595867502279,10,FALSE
koppen_ipef,Histosols,0.0308016099641972,9,FALSE
koppen_ipef,Nitisols,0.0146646499558682,22,FALSE
koppen_ipef,Vertisols,0.00839912931174597,31,FALSE
koppen_ipef,Plinthosols,0.0179898869580397,19,FALSE
koppen_ipef,Humisols,0.0158204261065971,21,FALSE
koppen_ipef,Sandysols,0.0189598123963939,17,FALSE
koppen_ipef,Thinsols,0.0137728469926933,23,FALSE
koppen_ipef,Wetsols,0.0271671239269274,11,FALSE
koppen_ipef,PLANOSSOLO,0.000388311772042624,111,FALSE
koppen_ipef,CHERNOSSOLO,0.000152209948963432,120,FALSE
koppen_ipef,LATOSSOLO,0.00217165026061231,57,FALSE
koppen_ipef,PLINTOSSOLO,0.000599316738275727,98,FALSE
koppen_ipef,GLEISSOLO,0.00436879210544599,41,FALSE
koppen_ipef,LUVISSOLO,9.73699058018091e-05,125,FALSE
koppen_ipef,NITOSSOLO,0.000637833190846134,96,FALSE
koppen_ipef,ESPODOSSOLO,0.0398891216340155,5,FALSE
koppen_ipef,ARGISSOLO,0.000726104145588793,89,FALSE
koppen_ipef,ORGANOSSOLO,0.00378794751602328,43,FALSE
koppen_ipef,CAMBISSOLO,0.00390846811526082,42,FALSE
koppen_ipef,NEOSSOLO_FLUVICO,0.000169673594386467,118,FALSE
koppen_ipef,NEOSSOLO_QUARTZARENICO,0.00107804277912911,76,FALSE
koppen_ipef,NEOSSOLO_LITOLICO,0.000671107076294583,93,FALSE
koppen_ipef,sibcs_rasos,0.000925111882524462,82,FALSE
koppen_ipef,sibcs_btextural,0.00115447180245526,74,FALSE
koppen_ipef,sibcs_esqueleto,0.00209228186106771,58,FALSE
koppen_ipef,sibcs_homogeneo,0.00334252381707471,46,FALSE
koppen_ipef,sibcs_argiloso,0.00264280664119814,51,FALSE
koppen_ipef,black_soil_prob,0.0242329807365984,12,FALSE
koppen_ipef,slope,0.0162733119272587,20,FALSE
koppen_ipef,convergence,0.0187757594082111,18,FALSE
koppen_ipef,cti,0.0381113171135346,7,FALSE
koppen_ipef,eastness,0.0123220078758372,25,FALSE
koppen_ipef,northness,0.0137666562482655,24,FALSE
koppen_ipef,spi,0.00475708278913316,39,FALSE
koppen_ipef,dev_magnitude,0.012016791566188,27,FALSE
koppen_ipef,dev_scale,0.0213635829798199,14,FALSE
koppen_ipef,cross_sectional,0.000456615679748271,109,FALSE
koppen_ipef,longitudinal_curvature,0.000139811623010303,122,FALSE
koppen_ipef,elevation,0.0833345359736629,2,FALSE
koppen_ipef,Amazonia,0.00257711335285021,53,FALSE
koppen_ipef,Caatinga,0.000829565081354346,84,FALSE
koppen_ipef,Cerrado,0.000776806727380962,86,FALSE
koppen_ipef,Mata_Atlantica,0.00603943295221658,34,FALSE
koppen_ipef,Pampa,0.000660366816254065,94,FALSE
koppen_ipef,Pantanal,0.000201573984791063,115,FALSE
koppen_ipef,Zona_Costeira,0.00491492398440171,37,FALSE
koppen_ipef,Campinarana,0.000958492069848291,81,FALSE
koppen_ipef,Estepe,0.00186234168317394,61,FALSE
koppen_ipef,Floresta_Estacional_Decidual,0.000746728111216536,88,FALSE
koppen_ipef,Floresta_Estacional_Semidecidual,0.00153741482530344,68,FALSE
koppen_ipef,Floresta_Estacional_Sempre_Verde,0.000896366457331068,83,FALSE
koppen_ipef,Floresta_Ombrofila_Aberta,0.00103303330002265,78,FALSE
koppen_ipef,Floresta_Ombrofila_Densa,0.00183130802025416,62,FALSE
koppen_ipef,Floresta_Ombrofila_Mista,0.00132336380717887,70,FALSE
koppen_ipef,Formacao_Pioneira,0.00643058039761601,33,FALSE
koppen_ipef,Savana,0.00260901855195756,52,FALSE
koppen_ipef,Savana_Estepica,0.000716913183174566,90,FALSE
koppen_ipef,Amazonas_Solimoes_Provincia,0.000326447590005457,112,FALSE
koppen_ipef,Amazonia_Provincia,0.000519298192960208,105,FALSE
koppen_ipef,Borborema_Provincia,0.00010388819750437,124,FALSE
koppen_ipef,Cobertura_Cenozoica_Provincia,0.00316192380258435,48,FALSE
koppen_ipef,Costeira_Margem_Continental_Provincia,0.00275100296632379,50,FALSE
koppen_ipef,Mantiqueira_Provincia,0.00225051567737714,56,FALSE
koppen_ipef,Parecis_Provincia,0.000156529809329534,119,FALSE
koppen_ipef,Parnaiba_Provincia,0.00030063304902987,113,FALSE
koppen_ipef,Reconcavo_Tucano_Jatoba_Provincia,1.29202667320914e-05,130,FALSE
koppen_ipef,Sao_Francisco_Provincia,0.00106349413391513,77,FALSE
koppen_ipef,Tocantis_Provincia,0.00122771665990855,71,FALSE
koppen_ipef,sedimentos,0.00152616903729642,69,FALSE
koppen_ipef,sedimentares,0.00163227770898103,65,FALSE
koppen_ipef,vulcanicas,0.00120762232998647,73,FALSE
koppen_ipef,metamorficas,0.000583674198589834,100,FALSE
koppen_ipef,pantanal_plintossolo,0.000142923554287771,121,FALSE
koppen_ipef,pantanal_neossolo_quartzarenico,6.43861886235621e-05,127,FALSE
koppen_ipef,pantanal_gleissolo,3.46468225338298e-05,129,FALSE
koppen_ipef,pantanal_planossolo,0.000262558440761577,114,FALSE
koppen_ipef,caatinga_latossolo,6.16627755380584e-05,128,FALSE
koppen_ipef,latossolo_vulcanicas,0.000455161904185527,110,FALSE
koppen_ipef,latossolo_sedimentares,0.0012201806009707,72,FALSE
koppen_ipef,latossolo_sedimentos,0.00344150255767966,45,FALSE
koppen_ipef,argissolo_metamorficas,0.000633679303311176,97,FALSE
koppen_ipef,argissolo_sedimentares,0.000587613464356773,99,FALSE
koppen_ipef,argissolo_sedimentos,0.000536117708580749,103,FALSE
koppen_ipef,raso_vulcanica,0.00228177396903072,55,FALSE
koppen_ipef,raso_sedimentares,0.000462774986862882,108,FALSE
koppen_ipef,pantanal_sedimentos,0.000179612183576364,117,FALSE
koppen_ipef,amazonia_sedimentos,0.00047343891743323,107,FALSE
koppen_ipef,cerrado_sedimentos,0.000573104855145075,101,FALSE
koppen_ipef,caatinga_sedimentos,8.05664091049751e-05,126,FALSE
koppen_ipef,mata_atlantica_sedimentos,0.0113619853539074,28,FALSE
koppen_ipef,Distance_to_sand_v33,0.0203832219848632,15,FALSE
koppen_ipef,Distance_to_rock_v33,0.00781949652331828,32,FALSE
koppen_ipef,Area_Estavel,0.00256353836007697,54,FALSE
koppen_ipef,profundidade,0.096066619702089,1,FALSE
koppen_ipef,IFN_index,0,131,FALSE
koppen_ipef,YEAR_index,0.00897523298262189,30,FALSE
koppen_ipef,PSEUDOROCK_index,0.000715447254888007,91,FALSE
koppen_ipef,PSEUDOSAND_index,0.000519728800674967,104,FALSE
koppen_ipef,mb_ndvi_median_decay,0.021753548463089,13,FALSE
koppen_ipef,mb_evi2_median_decay,0.0202560847550177,16,FALSE
koppen_ipef,formacaoFlorestal,0.00490836391247045,38,FALSE
koppen_ipef,outrasFormacoesFlorestais,0.00160062672029466,66,FALSE
koppen_ipef,formacaoCampestre,0.0031874384536433,47,FALSE
koppen_ipef,formacaoSavanica,0.00174783413199077,63,FALSE
koppen_ipef,campoAlagadoAreaPantanosa,0.0056149241984616,35,FALSE
koppen_ipef,restingas,0.0635490508141519,3,FALSE
koppen_ipef,vegNatural,0.0120683310991392,26,FALSE
koppen_ipef,lavouras,0.000687155450833736,92,FALSE
koppen_ipef,pastagem,0.00189300866676253,59,FALSE
koppen_ipef,silvicultura,0.000563782564218884,102,FALSE
koppen_ipef,mosaicoDeUsos,0.00358565843683776,44,FALSE
koppen_ipef,agropecuaria,0.00473596780758796,40,FALSE
koppen_ipef,afloramento,0.000650229488678018,95,FALSE
koppen_ipef,areia,0.000814934388788076,85,FALSE
koppen_ipef,koppen_l1_A,0.0011136177898322,75,TRUE
koppen_ipef,koppen_l2_Af,0.009501745708327,29,TRUE
koppen_ipef,koppen_l2_Am,0.00312096373510083,49,TRUE
koppen_ipef,koppen_l2_As,0.000482171105417432,106,TRUE
koppen_ipef,koppen_l2_Aw,0.00188327476513627,60,TRUE
koppen_ipef,koppen_l3_Bsh,0.000192873975437373,116,TRUE
koppen_ipef,koppen_l1_C,0.00159932018632474,67,TRUE
koppen_ipef,koppen_l2_Cf,0.000764674906101919,87,TRUE
koppen_ipef,koppen_l3_Cfa,0.00101505489882709,79,TRUE
koppen_ipef,koppen_l3_Cfb,0.00543152349108991,36,TRUE
koppen_ipef,koppen_l2_Cw,0.000968898499636604,80,TRUE
koppen_ipef,koppen_l3_Cwa,0.000128894657770787,123,TRUE
koppen_ipef,koppen_l3_Cwb,0.00164223130179861,64,TRUE
sem_clima,areia_000_030cm,0.0421132530153455,6,FALSE
sem_clima,silte_000_030cm,0.0358870386919298,8,FALSE
sem_clima,argila_000_030cm,0.0425592975111262,5,FALSE
sem_clima,Ferralsols,0.03171733202616,10,FALSE
sem_clima,Histosols,0.0318774574583552,9,FALSE
sem_clima,Nitisols,0.0134714166407013,23,FALSE
sem_clima,Vertisols,0.00746418732872168,31,FALSE
sem_clima,Plinthosols,0.0179729640214649,19,FALSE
sem_clima,Humisols,0.0156793566844481,20,FALSE
sem_clima,Sandysols,0.0206176194794618,15,FALSE
sem_clima,Thinsols,0.0128581434922163,24,FALSE
sem_clima,Wetsols,0.02601524672789,12,FALSE
sem_clima,PLANOSSOLO,0.000467559322677643,98,FALSE
sem_clima,CHERNOSSOLO,0.000153942711341596,107,FALSE
sem_clima,LATOSSOLO,0.00215948933300461,52,FALSE
sem_clima,PLINTOSSOLO,0.000610339110542789,92,FALSE
sem_clima,GLEISSOLO,0.00394283553544209,41,FALSE
sem_clima,LUVISSOLO,0.000123534079841114,110,FALSE
sem_clima,NITOSSOLO,0.000638638706642211,89,FALSE
sem_clima,ESPODOSSOLO,0.0478643296328394,4,FALSE
sem_clima,ARGISSOLO,0.000702390459139278,83,FALSE
sem_clima,ORGANOSSOLO,0.00375361999014752,43,FALSE
sem_clima,CAMBISSOLO,0.00344636213446413,44,FALSE
sem_clima,NEOSSOLO_FLUVICO,0.000109228546836424,111,FALSE
sem_clima,NEOSSOLO_QUARTZARENICO,0.00105746834667878,73,FALSE
sem_clima,NEOSSOLO_LITOLICO,0.000761297820592601,82,FALSE
sem_clima,sibcs_rasos,0.00133570492909157,67,FALSE
sem_clima,sibcs_btextural,0.0010628450764388,72,FALSE
sem_clima,sibcs_esqueleto,0.00178259794392153,59,FALSE
sem_clima,sibcs_homogeneo,0.00391478408346727,42,FALSE
sem_clima,sibcs_argiloso,0.00252047573662764,49,FALSE
sem_clima,black_soil_prob,0.0262289284851782,11,FALSE
sem_clima,slope,0.014493577169986,21,FALSE
sem_clima,convergence,0.0199249995380814,17,FALSE
sem_clima,cti,0.037083171273686,7,FALSE
sem_clima,eastness,0.0119247851672398,27,FALSE
sem_clima,northness,0.0136939833035281,22,FALSE
sem_clima,spi,0.00522760431834085,35,FALSE
sem_clima,dev_magnitude,0.0123546140795782,26,FALSE
sem_clima,dev_scale,0.0241847919114103,13,FALSE
sem_clima,cross_sectional,0.000469707049644715,97,FALSE
sem_clima,longitudinal_curvature,0.000152290674383972,108,FALSE
sem_clima,elevation,0.0915126764529126,2,FALSE
sem_clima,Amazonia,0.00202306810589696,56,FALSE
sem_clima,Caatinga,0.000834036477487484,79,FALSE
sem_clima,Cerrado,0.00107968828851227,71,FALSE
sem_clima,Mata_Atlantica,0.00557133191756716,33,FALSE
sem_clima,Pampa,0.00094683796107923,75,FALSE
sem_clima,Pantanal,0.000250328593951958,104,FALSE
sem_clima,Zona_Costeira,0.00431939218096648,38,FALSE
sem_clima,Campinarana,0.000892166351506927,77,FALSE
sem_clima,Estepe,0.00208672903848973,55,FALSE
sem_clima,Floresta_Estacional_Decidual,0.000946455224099498,76,FALSE
sem_clima,Floresta_Estacional_Semidecidual,0.00145333603147041,65,FALSE
sem_clima,Floresta_Estacional_Sempre_Verde,0.000851165264353446,78,FALSE
sem_clima,Floresta_Ombrofila_Aberta,0.00122538757914821,69,FALSE
sem_clima,Floresta_Ombrofila_Densa,0.00169711916061696,61,FALSE
sem_clima,Floresta_Ombrofila_Mista,0.00131337541849276,68,FALSE
sem_clima,Formacao_Pioneira,0.0073946782950519,32,FALSE
sem_clima,Savana,0.00212308975990252,54,FALSE
sem_clima,Savana_Estepica,0.000794683225345107,80,FALSE
sem_clima,Amazonas_Solimoes_Provincia,0.000387124325660397,100,FALSE
sem_clima,Amazonia_Provincia,0.00051683092107987,95,FALSE
sem_clima,Borborema_Provincia,0.000102056631112897,112,FALSE
sem_clima,Cobertura_Cenozoica_Provincia,0.00429629697428217,39,FALSE
sem_clima,Costeira_Margem_Continental_Provincia,0.00323184645420073,46,FALSE
sem_clima,Mantiqueira_Provincia,0.00235183070676901,51,FALSE
sem_clima,Parecis_Provincia,0.000174286800314697,106,FALSE
sem_clima,Parnaiba_Provincia,0.000341800472583904,102,FALSE
sem_clima,Reconcavo_Tucano_Jatoba_Provincia,1.10161659701429e-05,117,FALSE
sem_clima,Sao_Francisco_Provincia,0.00155895337547395,64,FALSE
sem_clima,Tocantis_Provincia,0.00136416545311548,66,FALSE
sem_clima,sedimentos,0.00213164103462909,53,FALSE
sem_clima,sedimentares,0.00187157460653214,58,FALSE
sem_clima,vulcanicas,0.00160973998804045,63,FALSE
sem_clima,metamorficas,0.000614207769397909,91,FALSE
sem_clima,pantanal_plintossolo,0.000139162403362603,109,FALSE
sem_clima,pantanal_neossolo_quartzarenico,5.82872321784442e-05,115,FALSE
sem_clima,pantanal_gleissolo,2.91342515920653e-05,116,FALSE
sem_clima,pantanal_planossolo,0.000266697524994371,103,FALSE
sem_clima,caatinga_latossolo,6.24449924804299e-05,114,FALSE
sem_clima,latossolo_vulcanicas,0.000390417720369049,99,FALSE
sem_clima,latossolo_sedimentares,0.00115794821625843,70,FALSE
sem_clima,latossolo_sedimentos,0.00261441782339585,48,FALSE
sem_clima,argissolo_metamorficas,0.000691392937202429,85,FALSE
sem_clima,argissolo_sedimentares,0.000626399384432902,90,FALSE
sem_clima,argissolo_sedimentos,0.000470883127988552,96,FALSE
sem_clima,raso_vulcanica,0.00197113053834875,57,FALSE
sem_clima,raso_sedimentares,0.000378567950092027,101,FALSE
sem_clima,pantanal_sedimentos,0.000198677173877412,105,FALSE
sem_clima,amazonia_sedimentos,0.000520927554615937,94,FALSE
sem_clima,cerrado_sedimentos,0.000682670923870163,86,FALSE
sem_clima,caatinga_sedimentos,7.48775064565621e-05,113,FALSE
sem_clima,mata_atlantica_sedimentos,0.0103618931178778,28,FALSE
sem_clima,Distance_to_sand_v33,0.0196101964452624,18,FALSE
sem_clima,Distance_to_rock_v33,0.008522466796428,30,FALSE
sem_clima,Area_Estavel,0.00277301104545947,47,FALSE
sem_clima,profundidade,0.0988727672991747,1,FALSE
sem_clima,IFN_index,0,118,FALSE
sem_clima,YEAR_index,0.00939815208297507,29,FALSE
sem_clima,PSEUDOROCK_index,0.000678315590236057,88,FALSE
sem_clima,PSEUDOSAND_index,0.00101887307651576,74,FALSE
sem_clima,mb_ndvi_median_decay,0.0201157191733167,16,FALSE
sem_clima,mb_evi2_median_decay,0.0218423395056019,14,FALSE
sem_clima,formacaoFlorestal,0.00494937575278717,37,FALSE
sem_clima,outrasFormacoesFlorestais,0.00162483551376028,62,FALSE
sem_clima,formacaoCampestre,0.00334420047836227,45,FALSE
sem_clima,formacaoSavanica,0.00177559802029235,60,FALSE
sem_clima,campoAlagadoAreaPantanosa,0.00549828548319716,34,FALSE
sem_clima,restingas,0.064064762106706,3,FALSE
sem_clima,vegNatural,0.0123876010437934,25,FALSE
sem_clima,lavouras,0.000698126509872098,84,FALSE
sem_clima,pastagem,0.00251781537937767,50,FALSE
sem_clima,silvicultura,0.000559753690424613,93,FALSE
sem_clima,mosaicoDeUsos,0.0041885956334841,40,FALSE
sem_clima,agropecuaria,0.00515487639961987,36,FALSE
sem_clima,afloramento,0.000770247988063781,81,FALSE
sem_clima,areia,0.000680028051265674,87,FALSE
zonas_k10,areia_000_030cm,0.0399544862411481,6,FALSE
zonas_k10,silte_000_030cm,0.0370366716770846,7,FALSE
zonas_k10,argila_000_030cm,0.0463395645656459,4,FALSE
zonas_k10,Ferralsols,0.031434177584362,10,FALSE
zonas_k10,Histosols,0.0343958708392371,9,FALSE
zonas_k10,Nitisols,0.0133017820103285,23,FALSE
zonas_k10,Vertisols,0.00747161818391642,32,FALSE
zonas_k10,Plinthosols,0.0173240262663563,19,FALSE
zonas_k10,Humisols,0.0150059539389285,21,FALSE
zonas_k10,Sandysols,0.0214907184216771,15,FALSE
zonas_k10,Thinsols,0.0133542202444373,22,FALSE
zonas_k10,Wetsols,0.024789874625635,12,FALSE
zonas_k10,PLANOSSOLO,0.000376753894973252,109,FALSE
zonas_k10,CHERNOSSOLO,0.000141120961195279,118,FALSE
zonas_k10,LATOSSOLO,0.00223918903178733,54,FALSE
zonas_k10,PLINTOSSOLO,0.00057137975300386,99,FALSE
zonas_k10,GLEISSOLO,0.00365684167699371,45,FALSE
zonas_k10,LUVISSOLO,0.000106914007166604,122,FALSE
zonas_k10,NITOSSOLO,0.000650917502122462,93,FALSE
zonas_k10,ESPODOSSOLO,0.0442383314863433,5,FALSE
zonas_k10,ARGISSOLO,0.000729733766340896,86,FALSE
zonas_k10,ORGANOSSOLO,0.00378305336978902,42,FALSE
zonas_k10,CAMBISSOLO,0.00398832127707055,40,FALSE
zonas_k10,NEOSSOLO_FLUVICO,0.000114339680615024,120,FALSE
zonas_k10,NEOSSOLO_QUARTZARENICO,0.000907853915377999,82,FALSE
zonas_k10,NEOSSOLO_LITOLICO,0.000664369614827253,91,FALSE
zonas_k10,sibcs_rasos,0.00101535005628139,77,FALSE
zonas_k10,sibcs_btextural,0.000990107346850763,78,FALSE
zonas_k10,sibcs_esqueleto,0.00267714699862931,50,FALSE
zonas_k10,sibcs_homogeneo,0.00371047055422501,44,FALSE
zonas_k10,sibcs_argiloso,0.00187641650257332,58,FALSE
zonas_k10,black_soil_prob,0.0249278589649878,11,FALSE
zonas_k10,slope,0.0158478471173981,20,FALSE
zonas_k10,convergence,0.0183602888648436,18,FALSE
zonas_k10,cti,0.0367172597697949,8,FALSE
zonas_k10,eastness,0.012833320124764,26,FALSE
zonas_k10,northness,0.012920930647435,25,FALSE
zonas_k10,spi,0.00452634555054402,38,FALSE
zonas_k10,dev_magnitude,0.0116318008814467,27,FALSE
zonas_k10,dev_scale,0.0225148779092506,13,FALSE
zonas_k10,cross_sectional,0.000449201007809502,106,FALSE
zonas_k10,longitudinal_curvature,0.000178543823558959,116,FALSE
zonas_k10,elevation,0.088435361453919,2,FALSE
zonas_k10,Amazonia,0.00215920948937785,55,FALSE
zonas_k10,Caatinga,0.000676275755018983,90,FALSE
zonas_k10,Cerrado,0.00135466830033491,70,FALSE
zonas_k10,Mata_Atlantica,0.00619061123032477,34,FALSE
zonas_k10,Pampa,0.000552674051668681,102,FALSE
zonas_k10,Pantanal,0.000197394797542204,114,FALSE
zonas_k10,Zona_Costeira,0.00371563620077242,43,FALSE
zonas_k10,Campinarana,0.000875392902205895,83,FALSE
zonas_k10,Estepe,0.00201118302786086,57,FALSE
zonas_k10,Floresta_Estacional_Decidual,0.000952742058055558,81,FALSE
zonas_k10,Floresta_Estacional_Semidecidual,0.00160645170788108,65,FALSE
zonas_k10,Floresta_Estacional_Sempre_Verde,0.000772284776535183,85,FALSE
zonas_k10,Floresta_Ombrofila_Aberta,0.00110251169849413,76,FALSE
zonas_k10,Floresta_Ombrofila_Densa,0.00133322143808788,71,FALSE
zonas_k10,Floresta_Ombrofila_Mista,0.00147105338329546,68,FALSE
zonas_k10,Formacao_Pioneira,0.00661817131155198,33,FALSE
zonas_k10,Savana,0.00184408798926938,60,FALSE
zonas_k10,Savana_Estepica,0.000814283893386896,84,FALSE
zonas_k10,Amazonas_Solimoes_Provincia,0.000324629712682007,110,FALSE
zonas_k10,Amazonia_Provincia,0.000492542448343714,104,FALSE
zonas_k10,Borborema_Provincia,0.000114069467200157,121,FALSE
zonas_k10,Cobertura_Cenozoica_Provincia,0.00385165400266064,41,FALSE
zonas_k10,Costeira_Margem_Continental_Provincia,0.00277955443514101,49,FALSE
zonas_k10,Mantiqueira_Provincia,0.0023939696272161,53,FALSE
zonas_k10,Parecis_Provincia,0.000171464419543154,117,FALSE
zonas_k10,Parnaiba_Provincia,0.000304502910143292,111,FALSE
zonas_k10,Reconcavo_Tucano_Jatoba_Provincia,8.88084717471024e-06,127,FALSE
zonas_k10,Sao_Francisco_Provincia,0.00150368751773897,67,FALSE
zonas_k10,Tocantis_Provincia,0.000971046245571047,80,FALSE
zonas_k10,sedimentos,0.00151835526462007,66,FALSE
zonas_k10,sedimentares,0.00169357587904688,62,FALSE
zonas_k10,vulcanicas,0.00126936613828877,73,FALSE
zonas_k10,metamorficas,0.000566092546584107,100,FALSE
zonas_k10,pantanal_plintossolo,0.000129045183027647,119,FALSE
zonas_k10,pantanal_neossolo_quartzarenico,5.47123939001117e-05,124,FALSE
zonas_k10,pantanal_gleissolo,2.31949651897012e-05,126,FALSE
zonas_k10,pantanal_planossolo,0.000240160759904314,113,FALSE
zonas_k10,caatinga_latossolo,5.05059384961617e-05,125,FALSE
zonas_k10,latossolo_vulcanicas,0.000280737433511309,112,FALSE
zonas_k10,latossolo_sedimentares,0.00129525195465874,72,FALSE
zonas_k10,latossolo_sedimentos,0.00279734621587508,48,FALSE
zonas_k10,argissolo_metamorficas,0.000684107694590192,89,FALSE
zonas_k10,argissolo_sedimentares,0.00061033067473261,97,FALSE
zonas_k10,argissolo_sedimentos,0.000403479300209848,108,FALSE
zonas_k10,raso_vulcanica,0.00206260118629348,56,FALSE
zonas_k10,raso_sedimentares,0.000421158712563571,107,FALSE
zonas_k10,pantanal_sedimentos,0.000184108416209917,115,FALSE
zonas_k10,amazonia_sedimentos,0.000531037624226405,103,FALSE
zonas_k10,cerrado_sedimentos,0.000627237539204677,96,FALSE
zonas_k10,caatinga_sedimentos,6.12951780299789e-05,123,FALSE
zonas_k10,mata_atlantica_sedimentos,0.0103938693973665,29,FALSE
zonas_k10,Distance_to_sand_v33,0.0210873032695503,16,FALSE
zonas_k10,Distance_to_rock_v33,0.00847907627321299,31,FALSE
zonas_k10,Area_Estavel,0.00257133768842936,51,FALSE
zonas_k10,profundidade,0.0956043740875849,1,FALSE
zonas_k10,IFN_index,0,128,FALSE
zonas_k10,YEAR_index,0.00875278703880728,30,FALSE
zonas_k10,PSEUDOROCK_index,0.000641300505010147,95,FALSE
zonas_k10,PSEUDOSAND_index,0.000660583774291691,92,FALSE
zonas_k10,mb_ndvi_median_decay,0.0201976026979842,17,FALSE
zonas_k10,mb_evi2_median_decay,0.021709790897133,14,FALSE
zonas_k10,formacaoFlorestal,0.00555471101749344,35,FALSE
zonas_k10,outrasFormacoesFlorestais,0.0016598280347448,64,FALSE
zonas_k10,formacaoCampestre,0.00329106561323092,47,FALSE
zonas_k10,formacaoSavanica,0.00171518583913716,61,FALSE
zonas_k10,campoAlagadoAreaPantanosa,0.00548951368700426,36,FALSE
zonas_k10,restingas,0.0551213046600604,3,FALSE
zonas_k10,vegNatural,0.0131367822237886,24,FALSE
zonas_k10,lavouras,0.000717549593373879,87,FALSE
zonas_k10,pastagem,0.00187231949610195,59,FALSE
zonas_k10,silvicultura,0.000553111996621811,101,FALSE
zonas_k10,mosaicoDeUsos,0.00348696873239804,46,FALSE
zonas_k10,agropecuaria,0.00512450798670932,37,FALSE
zonas_k10,afloramento,0.000702907347429769,88,FALSE
zonas_k10,areia,0.000471962231765033,105,FALSE
zonas_k10,zonas_k10_zona_k10_1,0.000603851547948037,98,TRUE
zonas_k10,zonas_k10_zona_k10_10,0.0104990088819098,28,TRUE
zonas_k10,zonas_k10_zona_k10_2,0.00115935672771161,75,TRUE
zonas_k10,zonas_k10_zona_k10_3,0.00404014836969432,39,TRUE
zonas_k10,zonas_k10_zona_k10_4,0.0014563398278767,69,TRUE
zonas_k10,zonas_k10_zona_k10_5,0.00166046400522341,63,TRUE
zonas_k10,zonas_k10_zona_k10_6,0.00120623244593219,74,TRUE
zonas_k10,zonas_k10_zona_k10_7,0.002395301536208,52,TRUE
zonas_k10,zonas_k10_zona_k10_8,0.000986505324788743,79,TRUE
zonas_k10,zonas_k10_zona_k10_9,0.000648278488559502,94,TRUE
holdridge_eth,areia_000_030cm,0.0428276903063267,4,FALSE
holdridge_eth,silte_000_030cm,0.0375449753703615,7,FALSE
holdridge_eth,argila_000_030cm,0.0417837728017955,5,FALSE
holdridge_eth,Ferralsols,0.0306068089964932,10,FALSE
holdridge_eth,Histosols,0.0313038714909621,9,FALSE
holdridge_eth,Nitisols,0.0144027540018589,22,FALSE
holdridge_eth,Vertisols,0.00854352179545545,30,FALSE
holdridge_eth,Plinthosols,0.0185128396793856,19,FALSE
holdridge_eth,Humisols,0.0151893432829789,20,FALSE
holdridge_eth,Sandysols,0.0206275501671661,13,FALSE
holdridge_eth,Thinsols,0.0140214556296943,23,FALSE
holdridge_eth,Wetsols,0.0256517929352436,11,FALSE
holdridge_eth,PLANOSSOLO,0.00042574219424169,109,FALSE
holdridge_eth,CHERNOSSOLO,0.000141253002581303,123,FALSE
holdridge_eth,LATOSSOLO,0.00196574490010848,61,FALSE
holdridge_eth,PLINTOSSOLO,0.000555104429617158,98,FALSE
holdridge_eth,GLEISSOLO,0.00374887364381085,44,FALSE
holdridge_eth,LUVISSOLO,0.00010596770149452,125,FALSE
holdridge_eth,NITOSSOLO,0.000570225965380292,96,FALSE
holdridge_eth,ESPODOSSOLO,0.0384956323997082,6,FALSE
holdridge_eth,ARGISSOLO,0.000667890813932489,93,FALSE
holdridge_eth,ORGANOSSOLO,0.00356477148633689,47,FALSE
holdridge_eth,CAMBISSOLO,0.00312906792946672,51,FALSE
holdridge_eth,NEOSSOLO_FLUVICO,0.000112128383673622,124,FALSE
holdridge_eth,NEOSSOLO_QUARTZARENICO,0.00104249850442825,77,FALSE
holdridge_eth,NEOSSOLO_LITOLICO,0.000589121060205796,95,FALSE
holdridge_eth,sibcs_rasos,0.00111357496045175,73,FALSE
holdridge_eth,sibcs_btextural,0.000911037226821071,82,FALSE
holdridge_eth,sibcs_esqueleto,0.00174344272679012,66,FALSE
holdridge_eth,sibcs_homogeneo,0.00360113289806853,46,FALSE
holdridge_eth,sibcs_argiloso,0.00262083481497289,54,FALSE
holdridge_eth,black_soil_prob,0.0223507945918719,12,FALSE
holdridge_eth,slope,0.0146660045721903,21,FALSE
holdridge_eth,convergence,0.0197527237299691,17,FALSE
holdridge_eth,cti,0.034726608210009,8,FALSE
holdridge_eth,eastness,0.0128866132540444,25,FALSE
holdridge_eth,northness,0.0137960351556178,24,FALSE
holdridge_eth,spi,0.00591915840542632,35,FALSE
holdridge_eth,dev_magnitude,0.0112453424729261,28,FALSE
holdridge_eth,dev_scale,0.0199441685489013,16,FALSE
holdridge_eth,cross_sectional,0.000441046114844471,106,FALSE
holdridge_eth,longitudinal_curvature,0.000214343286995583,117,FALSE
holdridge_eth,elevation,0.0796569400622778,2,FALSE
holdridge_eth,Amazonia,0.00206985106400165,59,FALSE
holdridge_eth,Caatinga,0.000814864870009736,88,FALSE
holdridge_eth,Cerrado,0.000995685138754857,79,FALSE
holdridge_eth,Mata_Atlantica,0.00432190413355566,41,FALSE
holdridge_eth,Pampa,0.000771253485277542,91,FALSE
holdridge_eth,Pantanal,0.000141793317764425,122,FALSE
holdridge_eth,Zona_Costeira,0.00476898029308188,39,FALSE
holdridge_eth,Campinarana,0.000850950162535794,86,FALSE
holdridge_eth,Estepe,0.00157605060684139,67,FALSE
holdridge_eth,Floresta_Estacional_Decidual,0.000927034180935938,81,FALSE
holdridge_eth,Floresta_Estacional_Semidecidual,0.00156068642217977,68,FALSE
holdridge_eth,Floresta_Estacional_Sempre_Verde,0.000900063004850147,83,FALSE
holdridge_eth,Floresta_Ombrofila_Aberta,0.00106722174749764,76,FALSE
holdridge_eth,Floresta_Ombrofila_Densa,0.00199088438770275,60,FALSE
holdridge_eth,Floresta_Ombrofila_Mista,0.00102571948230826,78,FALSE
holdridge_eth,Formacao_Pioneira,0.00711712307576744,34,FALSE
holdridge_eth,Savana,0.00235365585954166,56,FALSE
holdridge_eth,Savana_Estepica,0.000700750248557534,92,FALSE
holdridge_eth,Amazonas_Solimoes_Provincia,0.000337693274869065,113,FALSE
holdridge_eth,Amazonia_Provincia,0.000516190901194288,101,FALSE
holdridge_eth,Borborema_Provincia,0.000157632958316359,120,FALSE
holdridge_eth,Cobertura_Cenozoica_Provincia,0.00425732765643259,42,FALSE
holdridge_eth,Costeira_Margem_Continental_Provincia,0.00368081109242377,45,FALSE
holdridge_eth,Mantiqueira_Provincia,0.00227360375203534,57,FALSE
holdridge_eth,Parecis_Provincia,0.000174354478427947,119,FALSE
holdridge_eth,Parnaiba_Provincia,0.000268960498510533,115,FALSE
holdridge_eth,Reconcavo_Tucano_Jatoba_Provincia,1.13579870391342e-05,133,FALSE
holdridge_eth,Sao_Francisco_Provincia,0.00149854735587498,70,FALSE
holdridge_eth,Tocantis_Provincia,0.000780859169947381,89,FALSE
holdridge_eth,sedimentos,0.00136450312689587,72,FALSE
holdridge_eth,sedimentares,0.00152066379710805,69,FALSE
holdridge_eth,vulcanicas,0.00107092940331091,75,FALSE
holdridge_eth,metamorficas,0.000557519116006263,97,FALSE
holdridge_eth,pantanal_plintossolo,0.000144558106095395,121,FALSE
holdridge_eth,pantanal_neossolo_quartzarenico,7.79748894965118e-05,126,FALSE
holdridge_eth,pantanal_gleissolo,2.97926279156395e-05,132,FALSE
holdridge_eth,pantanal_planossolo,0.000220817726588934,116,FALSE
holdridge_eth,caatinga_latossolo,4.94577054677531e-05,130,FALSE
holdridge_eth,latossolo_vulcanicas,0.00030899170914694,114,FALSE
holdridge_eth,latossolo_sedimentares,0.00143019422719683,71,FALSE
holdridge_eth,latossolo_sedimentos,0.00327633904515513,49,FALSE
holdridge_eth,argissolo_metamorficas,0.000601508364000848,94,FALSE
holdridge_eth,argissolo_sedimentares,0.000460734115012866,105,FALSE
holdridge_eth,argissolo_sedimentos,0.000431575024291638,108,FALSE
holdridge_eth,raso_vulcanica,0.00191759171309847,62,FALSE
holdridge_eth,raso_sedimentares,0.000397308990586054,110,FALSE
holdridge_eth,pantanal_sedimentos,0.000208861832099272,118,FALSE
holdridge_eth,amazonia_sedimentos,0.00049113217745819,103,FALSE
holdridge_eth,cerrado_sedimentos,0.000533965982305707,99,FALSE
holdridge_eth,caatinga_sedimentos,7.76448484727844e-05,127,FALSE
holdridge_eth,mata_atlantica_sedimentos,0.0127555481806178,26,FALSE
holdridge_eth,Distance_to_sand_v33,0.0200631845573587,14,FALSE
holdridge_eth,Distance_to_rock_v33,0.00788921899216903,31,FALSE
holdridge_eth,Area_Estavel,0.00243568902702893,55,FALSE
holdridge_eth,profundidade,0.0938957806889461,1,FALSE
holdridge_eth,IFN_index,0,134,FALSE
holdridge_eth,YEAR_index,0.00884585021322244,29,FALSE
holdridge_eth,PSEUDOROCK_index,0.000828606290013412,87,FALSE
holdridge_eth,PSEUDOSAND_index,0.000512175927314576,102,FALSE
holdridge_eth,mb_ndvi_median_decay,0.0199859824771568,15,FALSE
holdridge_eth,mb_evi2_median_decay,0.0197110011673341,18,FALSE
holdridge_eth,formacaoFlorestal,0.00519666413814137,38,FALSE
holdridge_eth,outrasFormacoesFlorestais,0.00176896672786051,65,FALSE
holdridge_eth,formacaoCampestre,0.00316385269687398,50,FALSE
holdridge_eth,formacaoSavanica,0.001850476532665,64,FALSE
holdridge_eth,campoAlagadoAreaPantanosa,0.00535010857138531,37,FALSE
holdridge_eth,restingas,0.0701824133914952,3,FALSE
holdridge_eth,vegNatural,0.0122813979353027,27,FALSE
holdridge_eth,lavouras,0.000775045373918325,90,FALSE
holdridge_eth,pastagem,0.00214329880540013,58,FALSE
holdridge_eth,silvicultura,0.000519549582169108,100,FALSE
holdridge_eth,mosaicoDeUsos,0.00381517547106756,43,FALSE
holdridge_eth,agropecuaria,0.0055528372659702,36,FALSE
holdridge_eth,afloramento,0.000947260504457698,80,FALSE
holdridge_eth,areia,0.000868768938479307,84,FALSE
holdridge_eth,holdridge_eth_holdridge_l1_Subtropical,0.00432945211622724,40,TRUE
holdridge_eth,holdridge_eth_holdridge_l1_Temperado_frio,0.00190937901005775,63,TRUE
holdridge_eth,holdridge_eth_holdridge_l1_Temperado_quente,0.00788272144736248,32,TRUE
holdridge_eth,holdridge_eth_holdridge_l1_Tropical,0.00333161424594033,48,TRUE
holdridge_eth,holdridge_eth_holdridge_eth_l2_16_Cool_temperate_wet_forest,0.000439017811273855,107,TRUE
holdridge_eth,holdridge_eth_holdridge_eth_l2_17_Cool_temperate_rain_forest,0.000345859953632245,112,TRUE
holdridge_eth,holdridge_eth_holdridge_eth_l2_22_Warm_temperate_moist_forest,0.00110223299775179,74,TRUE
holdridge_eth,holdridge_eth_holdridge_eth_l2_23_Warm_temperate_wet_forest,0.00725532399284307,33,TRUE
holdridge_eth,holdridge_eth_holdridge_eth_l2_27_Subtropical_thorn_steppe,3.35191726922508e-05,131,TRUE
holdridge_eth,holdridge_eth_holdridge_eth_l2_28_Subtropical_dry_forest,0.0026308876744249,53,TRUE
holdridge_eth,holdridge_eth_holdridge_eth_l2_29_Subtropical_moist_forest,0.00278007360261919,52,TRUE
holdridge_eth,holdridge_eth_holdridge_eth_l2_30_Subtropical_wet_forest,5.86982620084231e-05,128,TRUE
holdridge_eth,holdridge_eth_holdridge_eth_l2_35_Tropical_very_dry_forest,5.24328866827066e-05,129,TRUE
holdridge_eth,holdridge_eth_holdridge_eth_l2_36_Tropical_dry_forest,0.000460983323509589,104,TRUE
holdridge_eth,holdridge_eth_holdridge_eth_l2_37_Tropical_moist_forest,0.000852366415268772,85,TRUE
holdridge_eth,holdridge_eth_holdridge_eth_l2_38_Tropical_wet_forest,0.00039250859252509,111,TRUE
th_cadsolo,areia_000_030cm,0.0388425042174785,6,FALSE
th_cadsolo,silte_000_030cm,0.0348376128251251,8,FALSE
th_cadsolo,argila_000_030cm,0.0406782028515338,5,FALSE
th_cadsolo,Ferralsols,0.0299774350193009,10,FALSE
th_cadsolo,Histosols,0.0338288709999406,9,FALSE
th_cadsolo,Nitisols,0.012449041980546,25,FALSE
th_cadsolo,Vertisols,0.00766778902053026,33,FALSE
th_cadsolo,Plinthosols,0.0186223858343031,19,FALSE
th_cadsolo,Humisols,0.0152655141942041,20,FALSE
th_cadsolo,Sandysols,0.0201221949152018,14,FALSE
th_cadsolo,Thinsols,0.0138032559940743,22,FALSE
th_cadsolo,Wetsols,0.0258733295062554,11,FALSE
th_cadsolo,PLANOSSOLO,0.000418574575214315,115,FALSE
th_cadsolo,CHERNOSSOLO,0.000142629907862739,129,FALSE
th_cadsolo,LATOSSOLO,0.00225465070243857,58,FALSE
th_cadsolo,PLINTOSSOLO,0.0005148303336486,112,FALSE
th_cadsolo,GLEISSOLO,0.00398175883646336,42,FALSE
th_cadsolo,LUVISSOLO,0.000111596706674068,132,FALSE
th_cadsolo,NITOSSOLO,0.000696824585832839,97,FALSE
th_cadsolo,ESPODOSSOLO,0.0451272402997205,4,FALSE
th_cadsolo,ARGISSOLO,0.000871270563259544,88,FALSE
th_cadsolo,ORGANOSSOLO,0.00373452877794026,43,FALSE
th_cadsolo,CAMBISSOLO,0.00216654405010474,60,FALSE
th_cadsolo,NEOSSOLO_FLUVICO,0.000111553393652936,133,FALSE
th_cadsolo,NEOSSOLO_QUARTZARENICO,0.00102610855784593,80,FALSE
th_cadsolo,NEOSSOLO_LITOLICO,0.000638464164208538,106,FALSE
th_cadsolo,sibcs_rasos,0.000986944818092076,83,FALSE
th_cadsolo,sibcs_btextural,0.00111988112193566,77,FALSE
th_cadsolo,sibcs_esqueleto,0.0015223555073654,69,FALSE
th_cadsolo,sibcs_homogeneo,0.00310408474033207,46,FALSE
th_cadsolo,sibcs_argiloso,0.00297552513309371,48,FALSE
th_cadsolo,black_soil_prob,0.0232528690410925,12,FALSE
th_cadsolo,slope,0.0143560252910942,21,FALSE
th_cadsolo,convergence,0.0191702650073496,17,FALSE
th_cadsolo,cti,0.0349733066369918,7,FALSE
th_cadsolo,eastness,0.0122858343038313,26,FALSE
th_cadsolo,northness,0.0125776285473879,24,FALSE
th_cadsolo,spi,0.00551619440716875,35,FALSE
th_cadsolo,dev_magnitude,0.0116374341233319,27,FALSE
th_cadsolo,dev_scale,0.019731436370627,16,FALSE
th_cadsolo,cross_sectional,0.000355405053891571,116,FALSE
th_cadsolo,longitudinal_curvature,0.000219293428645783,124,FALSE
th_cadsolo,elevation,0.075701961311912,2,FALSE
th_cadsolo,Amazonia,0.00267042346300801,50,FALSE
th_cadsolo,Caatinga,0.000989994435453591,82,FALSE
th_cadsolo,Cerrado,0.000944992161444372,84,FALSE
th_cadsolo,Mata_Atlantica,0.00486234874163625,37,FALSE
th_cadsolo,Pampa,0.000715068051169589,96,FALSE
th_cadsolo,Pantanal,0.000185272976534204,126,FALSE
th_cadsolo,Zona_Costeira,0.0047068141895855,39,FALSE
th_cadsolo,Campinarana,0.000851112879065514,90,FALSE
th_cadsolo,Estepe,0.00227995866579183,57,FALSE
th_cadsolo,Floresta_Estacional_Decidual,0.000865616323833626,89,FALSE
th_cadsolo,Floresta_Estacional_Semidecidual,0.00147358818166915,71,FALSE
th_cadsolo,Floresta_Estacional_Sempre_Verde,0.000893228832546636,86,FALSE
th_cadsolo,Floresta_Ombrofila_Aberta,0.00131465256754267,76,FALSE
th_cadsolo,Floresta_Ombrofila_Densa,0.00249834047052364,55,FALSE
th_cadsolo,Floresta_Ombrofila_Mista,0.00108483030560043,79,FALSE
th_cadsolo,Formacao_Pioneira,0.00645634321228873,34,FALSE
th_cadsolo,Savana,0.00182559704390557,63,FALSE
th_cadsolo,Savana_Estepica,0.000848652776122355,91,FALSE
th_cadsolo,Amazonas_Solimoes_Provincia,0.000336859479569023,117,FALSE
th_cadsolo,Amazonia_Provincia,0.000574344776306693,108,FALSE
th_cadsolo,Borborema_Provincia,0.000100308634671611,134,FALSE
th_cadsolo,Cobertura_Cenozoica_Provincia,0.00362421499913315,44,FALSE
th_cadsolo,Costeira_Margem_Continental_Provincia,0.00319671437372922,45,FALSE
th_cadsolo,Mantiqueira_Provincia,0.0028408487339793,49,FALSE
th_cadsolo,Parecis_Provincia,0.00017553962758491,128,FALSE
th_cadsolo,Parnaiba_Provincia,0.000269295426786401,121,FALSE
th_cadsolo,Reconcavo_Tucano_Jatoba_Provincia,1.16818068596496e-05,144,FALSE
th_cadsolo,Sao_Francisco_Provincia,0.00151593377001328,70,FALSE
th_cadsolo,Tocantis_Provincia,0.0010029420766065,81,FALSE
th_cadsolo,sedimentos,0.00259684327879647,52,FALSE
th_cadsolo,sedimentares,0.00137373818943101,75,FALSE
th_cadsolo,vulcanicas,0.00141161387631654,72,FALSE
th_cadsolo,metamorficas,0.000639322280809216,105,FALSE
th_cadsolo,pantanal_plintossolo,0.000129018669989948,130,FALSE
th_cadsolo,pantanal_neossolo_quartzarenico,7.01925493073516e-05,137,FALSE
th_cadsolo,pantanal_gleissolo,2.93212982208809e-05,142,FALSE
th_cadsolo,pantanal_planossolo,0.000216551940401716,125,FALSE
th_cadsolo,caatinga_latossolo,4.84447136654419e-05,139,FALSE
th_cadsolo,latossolo_vulcanicas,0.000315082768642347,119,FALSE
th_cadsolo,latossolo_sedimentares,0.000923801668178234,85,FALSE
th_cadsolo,latossolo_sedimentos,0.00238320767782817,56,FALSE
th_cadsolo,argissolo_metamorficas,0.000683466687498128,99,FALSE
th_cadsolo,argissolo_sedimentares,0.000665724992253526,100,FALSE
th_cadsolo,argissolo_sedimentos,0.000455963476258049,113,FALSE
th_cadsolo,raso_vulcanica,0.00181723794862377,64,FALSE
th_cadsolo,raso_sedimentares,0.000325219813024212,118,FALSE
th_cadsolo,pantanal_sedimentos,0.000176060821398737,127,FALSE
th_cadsolo,amazonia_sedimentos,0.000657788292597498,102,FALSE
th_cadsolo,cerrado_sedimentos,0.000650767297761533,103,FALSE
th_cadsolo,caatinga_sedimentos,7.63534055422991e-05,135,FALSE
th_cadsolo,mata_atlantica_sedimentos,0.0104280636353212,30,FALSE
th_cadsolo,Distance_to_sand_v33,0.0187801230760962,18,FALSE
th_cadsolo,Distance_to_rock_v33,0.00772048763224467,32,FALSE
th_cadsolo,Area_Estavel,0.00259637668334429,53,FALSE
th_cadsolo,profundidade,0.0929077465383719,1,FALSE
th_cadsolo,IFN_index,0,145,FALSE
th_cadsolo,YEAR_index,0.0090288452985191,31,FALSE
th_cadsolo,PSEUDOROCK_index,0.000823644991196441,92,FALSE
th_cadsolo,PSEUDOSAND_index,0.000892625706668252,87,FALSE
th_cadsolo,mb_ndvi_median_decay,0.0203748001769516,13,FALSE
th_cadsolo,mb_evi2_median_decay,0.0198342501971107,15,FALSE
th_cadsolo,formacaoFlorestal,0.00462995412332665,40,FALSE
th_cadsolo,outrasFormacoesFlorestais,0.00138123330057344,74,FALSE
th_cadsolo,formacaoCampestre,0.00309560899960414,47,FALSE
th_cadsolo,formacaoSavanica,0.0019733228998727,62,FALSE
th_cadsolo,campoAlagadoAreaPantanosa,0.00479359488829853,38,FALSE
th_cadsolo,restingas,0.0704487940374104,3,FALSE
th_cadsolo,vegNatural,0.011455491248376,29,FALSE
th_cadsolo,lavouras,0.000684095198905876,98,FALSE
th_cadsolo,pastagem,0.0017593235163145,65,FALSE
th_cadsolo,silvicultura,0.000726756781136762,95,FALSE
th_cadsolo,mosaicoDeUsos,0.00407976586643461,41,FALSE
th_cadsolo,agropecuaria,0.00527276767260712,36,FALSE
th_cadsolo,afloramento,0.00080105733902797,93,FALSE
th_cadsolo,areia,0.000646955391136864,104,FALSE
th_cadsolo,th_cadsolo_thsolo_l1_A,0.0116002994914607,28,TRUE
th_cadsolo,th_cadsolo_thsolo_l1_B1,0.00222022240177948,59,TRUE
th_cadsolo,th_cadsolo_thsolo_l1_B2,0.00163773118429826,66,TRUE
th_cadsolo,th_cadsolo_thsolo_l1_B3,0.000532876773568146,111,TRUE
th_cadsolo,th_cadsolo_thsolo_l1_B4,0.00024038316165646,122,TRUE
th_cadsolo,th_cadsolo_thsolo_l1_C1,0.00198111354939503,61,TRUE
th_cadsolo,th_cadsolo_thsolo_l1_C2,0.00111268003039893,78,TRUE
th_cadsolo,th_cadsolo_thsolo_l1_D,0.000763638683679397,94,TRUE
th_cadsolo,th_cadsolo_thsolo_l1_E,0.000113802679126226,131,TRUE
th_cadsolo,th_cadsolo_thsolo_l2_Ar,0.0133669567883506,23,TRUE
th_cadsolo,th_cadsolo_thsolo_l2_B1r,0.00259816284585881,51,TRUE
th_cadsolo,th_cadsolo_thsolo_l2_B1w,0.000630406375390611,107,TRUE
th_cadsolo,th_cadsolo_thsolo_l2_B2r,0.00162472392713572,67,TRUE
th_cadsolo,th_cadsolo_thsolo_l2_B2w,0.000303860435118768,120,TRUE
th_cadsolo,th_cadsolo_thsolo_l2_B3r,0.000534142302097066,110,TRUE
th_cadsolo,th_cadsolo_thsolo_l2_B3w,5.81632769509584e-05,138,TRUE
th_cadsolo,th_cadsolo_thsolo_l2_B4r,0.000236852332142369,123,TRUE
th_cadsolo,th_cadsolo_thsolo_l2_C1d,0.00251238401924759,54,TRUE
th_cadsolo,th_cadsolo_thsolo_l2_C1s,1.85811913581737e-05,143,TRUE
th_cadsolo,th_cadsolo_thsolo_l2_C1w,0.00138489564116132,73,TRUE
th_cadsolo,th_cadsolo_thsolo_l2_C1w2,4.12996314235826e-05,140,TRUE
th_cadsolo,th_cadsolo_thsolo_l2_C2r,0.000549370850841678,109,TRUE
th_cadsolo,th_cadsolo_thsolo_l2_C2s,3.62961946846506e-05,141,TRUE
th_cadsolo,th_cadsolo_thsolo_l2_C2w,0.00157976968691335,68,TRUE
th_cadsolo,th_cadsolo_thsolo_l2_C2w2,0.000434686818399315,114,TRUE
th_cadsolo,th_cadsolo_thsolo_l2_Dd,0.000663647222909177,101,TRUE
th_cadsolo,th_cadsolo_thsolo_l2_Ed,7.49690187932014e-05,136,TRUE
cont_chelsa,areia_000_030cm,0.029216999801817,12,FALSE
cont_chelsa,silte_000_030cm,0.0240001986558313,15,FALSE
cont_chelsa,argila_000_030cm,0.0320802091577934,6,FALSE
cont_chelsa,Ferralsols,0.0187182882883925,20,FALSE
cont_chelsa,Histosols,0.0240993082255517,14,FALSE
cont_chelsa,Nitisols,0.00688512576740452,39,FALSE
cont_chelsa,Vertisols,0.00424773925787371,45,FALSE
cont_chelsa,Plinthosols,0.00889965603218441,34,FALSE
cont_chelsa,Humisols,0.00907340180131977,33,FALSE
cont_chelsa,Sandysols,0.0131114556983587,28,FALSE
cont_chelsa,Thinsols,0.00784719937092182,36,FALSE
cont_chelsa,Wetsols,0.0173636861265625,22,FALSE
cont_chelsa,PLANOSSOLO,0.000243459341907474,106,FALSE
cont_chelsa,CHERNOSSOLO,0.00010351056463902,115,FALSE
cont_chelsa,LATOSSOLO,0.00240453200926581,55,FALSE
cont_chelsa,PLINTOSSOLO,0.000459501331763129,90,FALSE
cont_chelsa,GLEISSOLO,0.00279822033100793,52,FALSE
cont_chelsa,LUVISSOLO,5.72062716772944e-05,122,FALSE
cont_chelsa,NITOSSOLO,0.000330013866890649,97,FALSE
cont_chelsa,ESPODOSSOLO,0.0311826905876087,7,FALSE
cont_chelsa,ARGISSOLO,0.000540935705854474,84,FALSE
cont_chelsa,ORGANOSSOLO,0.00364924896636673,46,FALSE
cont_chelsa,CAMBISSOLO,0.000627404018175119,78,FALSE
cont_chelsa,NEOSSOLO_FLUVICO,5.31539753540657e-05,123,FALSE
cont_chelsa,NEOSSOLO_QUARTZARENICO,0.00111268413853829,68,FALSE
cont_chelsa,NEOSSOLO_LITOLICO,0.000321559735676333,99,FALSE
cont_chelsa,sibcs_rasos,0.000337115538343599,96,FALSE
cont_chelsa,sibcs_btextural,0.000655064277404024,77,FALSE
cont_chelsa,sibcs_esqueleto,0.000477754922335789,88,FALSE
cont_chelsa,sibcs_homogeneo,0.00254775220430258,53,FALSE
cont_chelsa,sibcs_argiloso,0.00235098870838493,57,FALSE
cont_chelsa,black_soil_prob,0.00975815388640648,31,FALSE
cont_chelsa,slope,0.0103222163800255,29,FALSE
cont_chelsa,convergence,0.0143368366949769,26,FALSE
cont_chelsa,cti,0.0305108774378086,9,FALSE
cont_chelsa,eastness,0.00836961868048586,35,FALSE
cont_chelsa,northness,0.00929275338528181,32,FALSE
cont_chelsa,spi,0.00350610717613897,48,FALSE
cont_chelsa,dev_magnitude,0.00656795480914921,40,FALSE
cont_chelsa,dev_scale,0.00992001431259251,30,FALSE
cont_chelsa,cross_sectional,0.000342849228166169,95,FALSE
cont_chelsa,longitudinal_curvature,0.000101996449376656,116,FALSE
cont_chelsa,elevation,0.0613048045527368,2,FALSE
cont_chelsa,Amazonia,0.00100969928099713,69,FALSE
cont_chelsa,Caatinga,6.27724302249388e-05,121,FALSE
cont_chelsa,Cerrado,0.000513827292553956,86,FALSE
cont_chelsa,Mata_Atlantica,0.00126356094258442,66,FALSE
cont_chelsa,Pampa,0.000466591047840964,89,FALSE
cont_chelsa,Pantanal,8.77335733246506e-05,118,FALSE
cont_chelsa,Zona_Costeira,0.00364887804428168,47,FALSE
cont_chelsa,Campinarana,0.000559954294046894,81,FALSE
cont_chelsa,Estepe,0.000925380672165838,71,FALSE
cont_chelsa,Floresta_Estacional_Decidual,0.000541555035113828,83,FALSE
cont_chelsa,Floresta_Estacional_Semidecidual,0.0008318348449192,73,FALSE
cont_chelsa,Floresta_Estacional_Sempre_Verde,0.000559227845430863,82,FALSE
cont_chelsa,Floresta_Ombrofila_Aberta,0.000573525620796272,80,FALSE
cont_chelsa,Floresta_Ombrofila_Densa,0.000778885504215337,75,FALSE
cont_chelsa,Floresta_Ombrofila_Mista,0.000624925479699343,79,FALSE
cont_chelsa,Formacao_Pioneira,0.00555591624673715,41,FALSE
cont_chelsa,Savana,0.000911685054027671,72,FALSE
cont_chelsa,Savana_Estepica,0.000157142017578427,111,FALSE
cont_chelsa,Amazonas_Solimoes_Provincia,0.000141074322633199,113,FALSE
cont_chelsa,Amazonia_Provincia,0.00032998108064628,98,FALSE
cont_chelsa,Borborema_Provincia,4.19680258108654e-05,126,FALSE
cont_chelsa,Cobertura_Cenozoica_Provincia,0.00237049943391475,56,FALSE
cont_chelsa,Costeira_Margem_Continental_Provincia,0.00186461962246402,59,FALSE
cont_chelsa,Mantiqueira_Provincia,0.00137193165756529,64,FALSE
cont_chelsa,Parecis_Provincia,7.6432426460762e-05,120,FALSE
cont_chelsa,Parnaiba_Provincia,0.000178681419121635,110,FALSE
cont_chelsa,Reconcavo_Tucano_Jatoba_Provincia,4.62089333483697e-06,129,FALSE
cont_chelsa,Sao_Francisco_Provincia,0.00128778341883124,65,FALSE
cont_chelsa,Tocantis_Provincia,0.000504709246311899,87,FALSE
cont_chelsa,sedimentos,0.0015594789710613,61,FALSE
cont_chelsa,sedimentares,0.000807164217373176,74,FALSE
cont_chelsa,vulcanicas,0.00022780938366654,108,FALSE
cont_chelsa,metamorficas,0.000405796202358388,93,FALSE
cont_chelsa,pantanal_plintossolo,8.82204341738497e-05,117,FALSE
cont_chelsa,pantanal_neossolo_quartzarenico,2.7230879314037e-05,127,FALSE
cont_chelsa,pantanal_gleissolo,8.63188367294391e-06,128,FALSE
cont_chelsa,pantanal_planossolo,0.000119820247827482,114,FALSE
cont_chelsa,caatinga_latossolo,4.39874923018059e-05,125,FALSE
cont_chelsa,latossolo_vulcanicas,0.000149863279042296,112,FALSE
cont_chelsa,latossolo_sedimentares,0.00119061448298597,67,FALSE
cont_chelsa,latossolo_sedimentos,0.00242289782678779,54,FALSE
cont_chelsa,argissolo_metamorficas,0.000445874129400232,91,FALSE
cont_chelsa,argissolo_sedimentares,0.000303850381900069,101,FALSE
cont_chelsa,argissolo_sedimentos,0.000258314338147599,104,FALSE
cont_chelsa,raso_vulcanica,0.000388164016051104,94,FALSE
cont_chelsa,raso_sedimentares,0.000237997816959081,107,FALSE
cont_chelsa,pantanal_sedimentos,7.64890974632394e-05,119,FALSE
cont_chelsa,amazonia_sedimentos,0.000250386499946776,105,FALSE
cont_chelsa,cerrado_sedimentos,0.000266064214044038,103,FALSE
cont_chelsa,caatinga_sedimentos,4.98800158252566e-05,124,FALSE
cont_chelsa,mata_atlantica_sedimentos,0.00700625862305597,38,FALSE
cont_chelsa,Distance_to_sand_v33,0.0151488100206034,23,FALSE
cont_chelsa,Distance_to_rock_v33,0.00460634865957182,43,FALSE
cont_chelsa,Area_Estavel,0.00176337852705216,60,FALSE
cont_chelsa,profundidade,0.0972961584845501,1,FALSE
cont_chelsa,IFN_index,0,130,FALSE
cont_chelsa,YEAR_index,0.00517446952755072,42,FALSE
cont_chelsa,PSEUDOROCK_index,0.000514222185680923,85,FALSE
cont_chelsa,PSEUDOSAND_index,0.000311981674525203,100,FALSE
cont_chelsa,mb_ndvi_median_decay,0.0146781906259463,25,FALSE
cont_chelsa,mb_evi2_median_decay,0.0149229040794634,24,FALSE
cont_chelsa,formacaoFlorestal,0.00311851652195425,49,FALSE
cont_chelsa,outrasFormacoesFlorestais,0.00138221527868508,63,FALSE
cont_chelsa,formacaoCampestre,0.00196783194249663,58,FALSE
cont_chelsa,formacaoSavanica,0.000972576178293237,70,FALSE
cont_chelsa,campoAlagadoAreaPantanosa,0.00455312636126835,44,FALSE
cont_chelsa,restingas,0.0609712841714264,3,FALSE
cont_chelsa,vegNatural,0.00739884302192602,37,FALSE
cont_chelsa,lavouras,0.000418396775820881,92,FALSE
cont_chelsa,pastagem,0.00146419689814178,62,FALSE
cont_chelsa,silvicultura,0.000225813443258224,109,FALSE
cont_chelsa,mosaicoDeUsos,0.00292529498682323,50,FALSE
cont_chelsa,agropecuaria,0.0028779062608324,51,FALSE
cont_chelsa,afloramento,0.00072049816769237,76,FALSE
cont_chelsa,areia,0.000274597310694499,102,FALSE
cont_chelsa,clim_t_media,0.0357111946081857,4,TRUE
cont_chelsa,clim_t_mes_frio,0.0322137206694518,5,TRUE
cont_chelsa,clim_t_mes_quente,0.0234123032339405,17,TRUE
cont_chelsa,clim_biotemp,0.0303451632618953,10,TRUE
cont_chelsa,clim_p_anual,0.0237919325827791,16,TRUE
cont_chelsa,clim_p_mes_seco,0.0305276489838021,8,TRUE
cont_chelsa,clim_p_sazonalidade,0.0211330340758108,18,TRUE
cont_chelsa,clim_etp_anual,0.0294658330659653,11,TRUE
cont_chelsa,clim_etp_p,0.0194035184676503,19,TRUE
cont_chelsa,clim_def_anual,0.0245914414944666,13,TRUE
cont_chelsa,clim_exc_anual,0.0141540580492269,27,TRUE
cont_chelsa,clim_im,0.0178521515229233,21,TRUE
cont_decenal,areia_000_030cm,0.0379253505918495,7,FALSE
cont_decenal,silte_000_030cm,0.0320966836131086,9,FALSE
cont_decenal,argila_000_030cm,0.0409914373841791,6,FALSE
cont_decenal,Ferralsols,0.0288057364834891,13,FALSE
cont_decenal,Histosols,0.0302426150055974,10,FALSE
cont_decenal,Nitisols,0.0113840482600523,28,FALSE
cont_decenal,Vertisols,0.00681650645775404,35,FALSE
cont_decenal,Plinthosols,0.0151409060496573,22,FALSE
cont_decenal,Humisols,0.0133953183165,23,FALSE
cont_decenal,Sandysols,0.0175113086669391,19,FALSE
cont_decenal,Thinsols,0.0121482703175407,26,FALSE
cont_decenal,Wetsols,0.0250654174980034,14,FALSE
cont_decenal,PLANOSSOLO,0.000372259460964847,101,FALSE
cont_decenal,CHERNOSSOLO,0.000126533932764421,109,FALSE
cont_decenal,LATOSSOLO,0.00169961981702443,56,FALSE
cont_decenal,PLINTOSSOLO,0.000497268307235311,91,FALSE
cont_decenal,GLEISSOLO,0.00348144351607364,44,FALSE
cont_decenal,LUVISSOLO,8.41141264105003e-05,114,FALSE
cont_decenal,NITOSSOLO,0.000540388202534823,89,FALSE
cont_decenal,ESPODOSSOLO,0.0499256413430949,4,FALSE
cont_decenal,ARGISSOLO,0.000690144795450109,82,FALSE
cont_decenal,ORGANOSSOLO,0.00327085834154786,45,FALSE
cont_decenal,CAMBISSOLO,0.0029838994821688,48,FALSE
cont_decenal,NEOSSOLO_FLUVICO,8.65392945747613e-05,113,FALSE
cont_decenal,NEOSSOLO_QUARTZARENICO,0.000977104172329774,68,FALSE
cont_decenal,NEOSSOLO_LITOLICO,0.000510823902667008,90,FALSE
cont_decenal,sibcs_rasos,0.000972744727790495,69,FALSE
cont_decenal,sibcs_btextural,0.000868706879851062,73,FALSE
cont_decenal,sibcs_esqueleto,0.00166259333528588,57,FALSE
cont_decenal,sibcs_homogeneo,0.00306215191098816,47,FALSE
cont_decenal,sibcs_argiloso,0.00226938579069634,54,FALSE
cont_decenal,black_soil_prob,0.0189643716806461,15,FALSE
cont_decenal,slope,0.012479338613617,24,FALSE
cont_decenal,convergence,0.0173999138801391,20,FALSE
cont_decenal,cti,0.0332645228149522,8,FALSE
cont_decenal,eastness,0.0108129342177035,29,FALSE
cont_decenal,northness,0.0123317704744776,25,FALSE
cont_decenal,spi,0.00446146909281666,39,FALSE
cont_decenal,dev_magnitude,0.0099150576609621,30,FALSE
cont_decenal,dev_scale,0.0178303484823193,17,FALSE
cont_decenal,cross_sectional,0.000447242237357576,95,FALSE
cont_decenal,longitudinal_curvature,0.000142767293030946,108,FALSE
cont_decenal,elevation,0.0720968721550504,2,FALSE
cont_decenal,Amazonia,0.00237837579063281,52,FALSE
cont_decenal,Caatinga,0.000489022249602305,92,FALSE
cont_decenal,Cerrado,0.000892816710475681,71,FALSE
cont_decenal,Mata_Atlantica,0.00463832764798653,38,FALSE
cont_decenal,Pampa,0.000756160414718625,79,FALSE
cont_decenal,Pantanal,0.000176399145047319,107,FALSE
cont_decenal,Zona_Costeira,0.0046838252714312,37,FALSE
cont_decenal,Campinarana,0.000711813938396848,80,FALSE
cont_decenal,Estepe,0.00151030696271654,60,FALSE
cont_decenal,Floresta_Estacional_Decidual,0.000858587554341651,75,FALSE
cont_decenal,Floresta_Estacional_Semidecidual,0.00138285110638429,62,FALSE
cont_decenal,Floresta_Estacional_Sempre_Verde,0.000793061905340554,77,FALSE
cont_decenal,Floresta_Ombrofila_Aberta,0.000859582289955238,74,FALSE
cont_decenal,Floresta_Ombrofila_Densa,0.00119438726770972,66,FALSE
cont_decenal,Floresta_Ombrofila_Mista,0.00114132054428354,67,FALSE
cont_decenal,Formacao_Pioneira,0.00682971096882148,34,FALSE
cont_decenal,Savana,0.00158632109515705,58,FALSE
cont_decenal,Savana_Estepica,0.000415017559752307,97,FALSE
cont_decenal,Amazonas_Solimoes_Provincia,0.000265763995531868,105,FALSE
cont_decenal,Amazonia_Provincia,0.000388280942283083,99,FALSE
cont_decenal,Borborema_Provincia,7.34405766687152e-05,115,FALSE
cont_decenal,Cobertura_Cenozoica_Provincia,0.00378559460872763,42,FALSE
cont_decenal,Costeira_Margem_Continental_Provincia,0.00253286780359551,50,FALSE
cont_decenal,Mantiqueira_Provincia,0.00241200924278524,51,FALSE
cont_decenal,Parecis_Provincia,0.000124515363755613,110,FALSE
cont_decenal,Parnaiba_Provincia,0.000302359027451135,104,FALSE
cont_decenal,Reconcavo_Tucano_Jatoba_Provincia,1.00065582009537e-05,120,FALSE
cont_decenal,Sao_Francisco_Provincia,0.000881346025854403,72,FALSE
cont_decenal,Tocantis_Provincia,0.000808672535423565,76,FALSE
cont_decenal,sedimentos,0.00130578312173094,64,FALSE
cont_decenal,sedimentares,0.00120856007182797,65,FALSE
cont_decenal,vulcanicas,0.00068462807103623,83,FALSE
cont_decenal,metamorficas,0.000577770806459178,88,FALSE
cont_decenal,pantanal_plintossolo,0.000121938819430181,111,FALSE
cont_decenal,pantanal_neossolo_quartzarenico,6.42772859332737e-05,116,FALSE
cont_decenal,pantanal_gleissolo,3.35487001623065e-05,119,FALSE
cont_decenal,pantanal_planossolo,0.000261214251454076,106,FALSE
cont_decenal,caatinga_latossolo,4.92092219815635e-05,118,FALSE
cont_decenal,latossolo_vulcanicas,0.000339293688155202,102,FALSE
cont_decenal,latossolo_sedimentares,0.00135871831547475,63,FALSE
cont_decenal,latossolo_sedimentos,0.00356827865076956,43,FALSE
cont_decenal,argissolo_metamorficas,0.000599112680653383,87,FALSE
cont_decenal,argissolo_sedimentares,0.00047240763367896,93,FALSE
cont_decenal,argissolo_sedimentos,0.000452512760281683,94,FALSE
cont_decenal,raso_vulcanica,0.000971389826676199,70,FALSE
cont_decenal,raso_sedimentares,0.00030684413593253,103,FALSE
cont_decenal,pantanal_sedimentos,0.000112992073248177,112,FALSE
cont_decenal,amazonia_sedimentos,0.000387927710429145,100,FALSE
cont_decenal,cerrado_sedimentos,0.000624902810860925,85,FALSE
cont_decenal,caatinga_sedimentos,5.54678487042601e-05,117,FALSE
cont_decenal,mata_atlantica_sedimentos,0.0115141307313528,27,FALSE
cont_decenal,Distance_to_sand_v33,0.0164046980275287,21,FALSE
cont_decenal,Distance_to_rock_v33,0.00751722492443459,33,FALSE
cont_decenal,Area_Estavel,0.00229753477462567,53,FALSE
cont_decenal,profundidade,0.0990675666795928,1,FALSE
cont_decenal,IFN_index,0,121,FALSE
cont_decenal,YEAR_index,0.00757277438529801,32,FALSE
cont_decenal,PSEUDOROCK_index,0.000710801530847653,81,FALSE
cont_decenal,PSEUDOSAND_index,0.000431881052714703,96,FALSE
cont_decenal,mb_ndvi_median_decay,0.0175839385259384,18,FALSE
cont_decenal,mb_evi2_median_decay,0.0188674756007171,16,FALSE
cont_decenal,formacaoFlorestal,0.00412922109636221,40,FALSE
cont_decenal,outrasFormacoesFlorestais,0.00154821742431229,59,FALSE
cont_decenal,formacaoCampestre,0.00296197551555763,49,FALSE
cont_decenal,formacaoSavanica,0.00139252982508729,61,FALSE
cont_decenal,campoAlagadoAreaPantanosa,0.005430341602272,36,FALSE
cont_decenal,restingas,0.0632012192004865,3,FALSE
cont_decenal,vegNatural,0.00924540783679586,31,FALSE
cont_decenal,lavouras,0.000604218796359336,86,FALSE
cont_decenal,pastagem,0.00187122164352389,55,FALSE
cont_decenal,silvicultura,0.000392529025674369,98,FALSE
cont_decenal,mosaicoDeUsos,0.00320843762539211,46,FALSE
cont_decenal,agropecuaria,0.00403684782158646,41,FALSE
cont_decenal,afloramento,0.00064540368551477,84,FALSE
cont_decenal,areia,0.000770326574594717,78,FALSE
cont_decenal,dec_tmean,0.046647795433463,5,TRUE
cont_decenal,dec_prec,0.0297765698669022,12,TRUE
cont_decenal,dec_cdd,0.0299777586179573,11,TRUE
cont_ambos,areia_000_030cm,0.0283595586289318,9,FALSE
cont_ambos,silte_000_030cm,0.0236332878778446,13,FALSE
cont_ambos,argila_000_030cm,0.0320068497805547,5,FALSE
cont_ambos,Ferralsols,0.0186711393482203,19,FALSE
cont_ambos,Histosols,0.0227444132183757,15,FALSE
cont_ambos,Nitisols,0.0064277629419239,43,FALSE
cont_ambos,Vertisols,0.00414888073460154,48,FALSE
cont_ambos,Plinthosols,0.00859398392918486,35,FALSE
cont_ambos,Humisols,0.00841166129670498,36,FALSE
cont_ambos,Sandysols,0.0112598409479244,31,FALSE
cont_ambos,Thinsols,0.00744325517565198,40,FALSE
cont_ambos,Wetsols,0.0162961309398625,24,FALSE
cont_ambos,PLANOSSOLO,0.000204667129297718,111,FALSE
cont_ambos,CHERNOSSOLO,0.000113622705899371,119,FALSE
cont_ambos,LATOSSOLO,0.00150390188899887,64,FALSE
cont_ambos,PLINTOSSOLO,0.000462860125526346,87,FALSE
cont_ambos,GLEISSOLO,0.0026339499029157,55,FALSE
cont_ambos,LUVISSOLO,6.52077762634229e-05,122,FALSE
cont_ambos,NITOSSOLO,0.000357151213313819,97,FALSE
cont_ambos,ESPODOSSOLO,0.0301355688579628,7,FALSE
cont_ambos,ARGISSOLO,0.000526871589132023,83,FALSE
cont_ambos,ORGANOSSOLO,0.0028282882382689,54,FALSE
cont_ambos,CAMBISSOLO,0.000465821039028203,86,FALSE
cont_ambos,NEOSSOLO_FLUVICO,3.74584724133114e-05,128,FALSE
cont_ambos,NEOSSOLO_QUARTZARENICO,0.000923856857873841,71,FALSE
cont_ambos,NEOSSOLO_LITOLICO,0.000378619167168518,94,FALSE
cont_ambos,sibcs_rasos,0.000365301439972761,96,FALSE
cont_ambos,sibcs_btextural,0.000483170811686043,85,FALSE
cont_ambos,sibcs_esqueleto,0.000453994856630626,88,FALSE
cont_ambos,sibcs_homogeneo,0.00234620058116983,58,FALSE
cont_ambos,sibcs_argiloso,0.0017932624927124,63,FALSE
cont_ambos,black_soil_prob,0.00887454200118346,34,FALSE
cont_ambos,slope,0.00821161085224542,38,FALSE
cont_ambos,convergence,0.0131129939187385,29,FALSE
cont_ambos,cti,0.029858906723014,8,FALSE
cont_ambos,eastness,0.00817753136380382,39,FALSE
cont_ambos,northness,0.00941015212333658,33,FALSE
cont_ambos,spi,0.00337086850446005,50,FALSE
cont_ambos,dev_magnitude,0.00709024012751252,41,FALSE
cont_ambos,dev_scale,0.0100708106463908,32,FALSE
cont_ambos,cross_sectional,0.000297305771584216,104,FALSE
cont_ambos,longitudinal_curvature,0.000129690527010497,117,FALSE
cont_ambos,elevation,0.0554467677280396,3,FALSE
cont_ambos,Amazonia,0.000625415970831388,77,FALSE
cont_ambos,Caatinga,0.000162985601003846,114,FALSE
cont_ambos,Cerrado,0.000345251052539278,98,FALSE
cont_ambos,Mata_Atlantica,0.00119917198688001,68,FALSE
cont_ambos,Pampa,0.000396191261946689,93,FALSE
cont_ambos,Pantanal,6.23467778606327e-05,123,FALSE
cont_ambos,Zona_Costeira,0.00454781376027884,47,FALSE
cont_ambos,Campinarana,0.000514038347996706,84,FALSE
cont_ambos,Estepe,0.000609271184058998,78,FALSE
cont_ambos,Floresta_Estacional_Decidual,0.000553041034761617,81,FALSE
cont_ambos,Floresta_Estacional_Semidecidual,0.000876959262833159,72,FALSE
cont_ambos,Floresta_Estacional_Sempre_Verde,0.000549210553899445,82,FALSE
cont_ambos,Floresta_Ombrofila_Aberta,0.000435117439783291,89,FALSE
cont_ambos,Floresta_Ombrofila_Densa,0.000634956101249813,75,FALSE
cont_ambos,Floresta_Ombrofila_Mista,0.000561809474604682,80,FALSE
cont_ambos,Formacao_Pioneira,0.00651030619994492,42,FALSE
cont_ambos,Savana,0.00101437191505348,69,FALSE
cont_ambos,Savana_Estepica,0.000140035275875312,116,FALSE
cont_ambos,Amazonas_Solimoes_Provincia,0.00011907312312806,118,FALSE
cont_ambos,Amazonia_Provincia,0.000273292892604283,105,FALSE
cont_ambos,Borborema_Provincia,3.59854566078972e-05,129,FALSE
cont_ambos,Cobertura_Cenozoica_Provincia,0.00289931056082853,52,FALSE
cont_ambos,Costeira_Margem_Continental_Provincia,0.00208218153166314,60,FALSE
cont_ambos,Mantiqueira_Provincia,0.00202613780618472,61,FALSE
cont_ambos,Parecis_Provincia,5.96148135788671e-05,124,FALSE
cont_ambos,Parnaiba_Provincia,0.000203218329410494,112,FALSE
cont_ambos,Reconcavo_Tucano_Jatoba_Provincia,5.33259478985947e-06,132,FALSE
cont_ambos,Sao_Francisco_Provincia,0.000630790390259138,76,FALSE
cont_ambos,Tocantis_Provincia,0.000325894558627365,100,FALSE
cont_ambos,sedimentos,0.00210439854595932,59,FALSE
cont_ambos,sedimentares,0.000650861370633254,74,FALSE
cont_ambos,vulcanicas,0.000171708057612237,113,FALSE
cont_ambos,metamorficas,0.000369985612772891,95,FALSE
cont_ambos,pantanal_plintossolo,8.80458224315386e-05,121,FALSE
cont_ambos,pantanal_neossolo_quartzarenico,2.537046250737e-05,130,FALSE
cont_ambos,pantanal_gleissolo,1.35413886346483e-05,131,FALSE
cont_ambos,pantanal_planossolo,0.000105738477924035,120,FALSE
cont_ambos,caatinga_latossolo,5.16512016708579e-05,126,FALSE
cont_ambos,latossolo_vulcanicas,0.000152852086158567,115,FALSE
cont_ambos,latossolo_sedimentares,0.000434327096488287,90,FALSE
cont_ambos,latossolo_sedimentos,0.00248700319971408,56,FALSE
cont_ambos,argissolo_metamorficas,0.000410115292313185,91,FALSE
cont_ambos,argissolo_sedimentares,0.000331656941209188,99,FALSE
cont_ambos,argissolo_sedimentos,0.000227974019066535,108,FALSE
cont_ambos,raso_vulcanica,0.0003093154859158,102,FALSE
cont_ambos,raso_sedimentares,0.000249143409801407,106,FALSE
cont_ambos,pantanal_sedimentos,5.80495553086815e-05,125,FALSE
cont_ambos,amazonia_sedimentos,0.000211756386149903,109,FALSE
cont_ambos,cerrado_sedimentos,0.00030667417047476,103,FALSE
cont_ambos,caatinga_sedimentos,4.46058137735085e-05,127,FALSE
cont_ambos,mata_atlantica_sedimentos,0.00825224530940046,37,FALSE
cont_ambos,Distance_to_sand_v33,0.0172153149952142,21,FALSE
cont_ambos,Distance_to_rock_v33,0.00455666385443388,46,FALSE
cont_ambos,Area_Estavel,0.00136476374921994,66,FALSE
cont_ambos,profundidade,0.0966996724780412,1,FALSE
cont_ambos,IFN_index,0,133,FALSE
cont_ambos,YEAR_index,0.00464674806417583,45,FALSE
cont_ambos,PSEUDOROCK_index,0.000576290030754399,79,FALSE
cont_ambos,PSEUDOSAND_index,0.000209100655314508,110,FALSE
cont_ambos,mb_ndvi_median_decay,0.0130377351639193,30,FALSE
cont_ambos,mb_evi2_median_decay,0.0139769157153684,28,FALSE
cont_ambos,formacaoFlorestal,0.00336972874943832,51,FALSE
cont_ambos,outrasFormacoesFlorestais,0.00122903133913536,67,FALSE
cont_ambos,formacaoCampestre,0.0018580905269941,62,FALSE
cont_ambos,formacaoSavanica,0.000931420136177262,70,FALSE
cont_ambos,campoAlagadoAreaPantanosa,0.00388497262738684,49,FALSE
cont_ambos,restingas,0.0656061921200583,2,FALSE
cont_ambos,vegNatural,0.00562098902853798,44,FALSE
cont_ambos,lavouras,0.000405986799183623,92,FALSE
cont_ambos,pastagem,0.00138550011740541,65,FALSE
cont_ambos,silvicultura,0.000235008114466386,107,FALSE
cont_ambos,mosaicoDeUsos,0.00247630400857446,57,FALSE
cont_ambos,agropecuaria,0.00286438391203558,53,FALSE
cont_ambos,afloramento,0.000692795402915393,73,FALSE
cont_ambos,areia,0.000324357411294017,101,FALSE
cont_ambos,clim_t_media,0.0314247549042497,6,TRUE
cont_ambos,clim_t_mes_frio,0.0261966962524158,11,TRUE
cont_ambos,clim_t_mes_quente,0.0230510908021151,14,TRUE
cont_ambos,clim_biotemp,0.0335662241341805,4,TRUE
cont_ambos,clim_p_anual,0.0185510543795513,20,TRUE
cont_ambos,clim_p_mes_seco,0.0273172937935455,10,TRUE
cont_ambos,clim_p_sazonalidade,0.0169535867730822,22,TRUE
cont_ambos,clim_etp_anual,0.0253024904450573,12,TRUE
cont_ambos,clim_etp_p,0.0164657392849628,23,TRUE
cont_ambos,clim_def_anual,0.0218614481780793,16,TRUE
cont_ambos,clim_exc_anual,0.0142691435285316,27,TRUE
cont_ambos,clim_im,0.0148060258052645,25,TRUE
cont_ambos,dec_tmean,0.01886838430023,18,TRUE
cont_ambos,dec_prec,0.0201458741176251,17,TRUE
cont_ambos,dec_cdd,0.0144681230827245,26,TRUE
cont_sel,areia_000_030cm,0.0305230660525127,11,FALSE
cont_sel,silte_000_030cm,0.0263629726527837,15,FALSE
cont_sel,argila_000_030cm,0.03345080458148,9,FALSE
cont_sel,Ferralsols,0.0221423951739837,18,FALSE
cont_sel,Histosols,0.0264571675829624,14,FALSE
cont_sel,Nitisols,0.00869135598095721,32,FALSE
cont_sel,Vertisols,0.00474501598545358,40,FALSE
cont_sel,Plinthosols,0.00941241906444948,28,FALSE
cont_sel,Humisols,0.00884670795744525,31,FALSE
cont_sel,Sandysols,0.0136154347615121,25,FALSE
cont_sel,Thinsols,0.00888829344612055,30,FALSE
cont_sel,Wetsols,0.0199479232609972,19,FALSE
cont_sel,PLANOSSOLO,0.000253495210756459,105,FALSE
cont_sel,CHERNOSSOLO,0.000115103061754952,115,FALSE
cont_sel,LATOSSOLO,0.00174817887008874,56,FALSE
cont_sel,PLINTOSSOLO,0.000511886086469563,86,FALSE
cont_sel,GLEISSOLO,0.00305937442580392,47,FALSE
cont_sel,LUVISSOLO,6.77398650535453e-05,119,FALSE
cont_sel,NITOSSOLO,0.000400991396002207,93,FALSE
cont_sel,ESPODOSSOLO,0.0348114087460289,8,FALSE
cont_sel,ARGISSOLO,0.000619072977076142,80,FALSE
cont_sel,ORGANOSSOLO,0.00385932323173326,42,FALSE
cont_sel,CAMBISSOLO,0.000932921131891496,68,FALSE
cont_sel,NEOSSOLO_FLUVICO,0.00014761552956954,110,FALSE
cont_sel,NEOSSOLO_QUARTZARENICO,0.000875809967063824,71,FALSE
cont_sel,NEOSSOLO_LITOLICO,0.000382542413488364,96,FALSE
cont_sel,sibcs_rasos,0.000388160106627297,95,FALSE
cont_sel,sibcs_btextural,0.000653851863979566,79,FALSE
cont_sel,sibcs_esqueleto,0.000789645514377236,73,FALSE
cont_sel,sibcs_homogeneo,0.00256123991647711,50,FALSE
cont_sel,sibcs_argiloso,0.00249656791604197,51,FALSE
cont_sel,black_soil_prob,0.0140493286760286,24,FALSE
cont_sel,slope,0.00931050791320611,29,FALSE
cont_sel,convergence,0.0153009183968554,22,FALSE
cont_sel,cti,0.0313955507247999,10,FALSE
cont_sel,eastness,0.00845764123136531,34,FALSE
cont_sel,northness,0.0098308309053335,27,FALSE
cont_sel,spi,0.00367757146914662,43,FALSE
cont_sel,dev_magnitude,0.00747465314076743,36,FALSE
cont_sel,dev_scale,0.0117089975936622,26,FALSE
cont_sel,cross_sectional,0.000366797091828653,97,FALSE
cont_sel,longitudinal_curvature,0.000132604709840747,112,FALSE
cont_sel,elevation,0.0733780852216163,2,FALSE
cont_sel,Amazonia,0.000989452024971027,64,FALSE
cont_sel,Caatinga,0.000171289355429372,107,FALSE
cont_sel,Cerrado,0.000691659163539291,75,FALSE
cont_sel,Mata_Atlantica,0.00192798804316303,55,FALSE
cont_sel,Pampa,0.000544212631465195,84,FALSE
cont_sel,Pantanal,0.000111535559755918,116,FALSE
cont_sel,Zona_Costeira,0.00355709880796265,45,FALSE
cont_sel,Campinarana,0.000598785283143184,81,FALSE
cont_sel,Estepe,0.000937357741217505,66,FALSE
cont_sel,Floresta_Estacional_Decidual,0.000680419621898868,76,FALSE
cont_sel,Floresta_Estacional_Semidecidual,0.000990823187813376,63,FALSE
cont_sel,Floresta_Estacional_Sempre_Verde,0.000556670496540877,83,FALSE
cont_sel,Floresta_Ombrofila_Aberta,0.000677134342302471,77,FALSE
cont_sel,Floresta_Ombrofila_Densa,0.000877141223750821,70,FALSE
cont_sel,Floresta_Ombrofila_Mista,0.000711490986621449,74,FALSE
cont_sel,Formacao_Pioneira,0.00648924761045317,38,FALSE
cont_sel,Savana,0.000952384464577294,65,FALSE
cont_sel,Savana_Estepica,0.000189341780548696,106,FALSE
cont_sel,Amazonas_Solimoes_Provincia,0.000146371049428758,111,FALSE
cont_sel,Amazonia_Provincia,0.000323900251407094,102,FALSE
cont_sel,Borborema_Provincia,4.45361880643372e-05,122,FALSE
cont_sel,Cobertura_Cenozoica_Provincia,0.00277272270335511,49,FALSE
cont_sel,Costeira_Margem_Continental_Provincia,0.00239219560762868,53,FALSE
cont_sel,Mantiqueira_Provincia,0.00147996134128795,59,FALSE
cont_sel,Parecis_Provincia,8.7194596475493e-05,118,FALSE
cont_sel,Parnaiba_Provincia,0.000169539970289077,108,FALSE
cont_sel,Reconcavo_Tucano_Jatoba_Provincia,6.4100070677944e-06,125,FALSE
cont_sel,Sao_Francisco_Provincia,0.000560188199724188,82,FALSE
cont_sel,Tocantis_Provincia,0.000669744821872146,78,FALSE
cont_sel,sedimentos,0.00117642999395907,61,FALSE
cont_sel,sedimentares,0.00102352818192081,62,FALSE
cont_sel,vulcanicas,0.000343539737373565,99,FALSE
cont_sel,metamorficas,0.000400668248120157,94,FALSE
cont_sel,pantanal_plintossolo,0.000102398576118407,117,FALSE
cont_sel,pantanal_neossolo_quartzarenico,3.48753177346093e-05,123,FALSE
cont_sel,pantanal_gleissolo,1.83012651065043e-05,124,FALSE
cont_sel,pantanal_planossolo,0.000125683464505721,113,FALSE
cont_sel,caatinga_latossolo,5.35563552194279e-05,120,FALSE
cont_sel,latossolo_vulcanicas,0.000164954420230443,109,FALSE
cont_sel,latossolo_sedimentares,0.000918588029973551,69,FALSE
cont_sel,latossolo_sedimentos,0.00249156984486226,52,FALSE
cont_sel,argissolo_metamorficas,0.000534861174263364,85,FALSE
cont_sel,argissolo_sedimentares,0.000401822238666399,92,FALSE
cont_sel,argissolo_sedimentos,0.000330521698400641,101,FALSE
cont_sel,raso_vulcanica,0.000488214740298768,89,FALSE
cont_sel,raso_sedimentares,0.000267807756740844,104,FALSE
cont_sel,pantanal_sedimentos,0.00012370573629111,114,FALSE
cont_sel,amazonia_sedimentos,0.000408363343538099,91,FALSE
cont_sel,cerrado_sedimentos,0.000331746093878672,100,FALSE
cont_sel,caatinga_sedimentos,4.64738339954027e-05,121,FALSE
cont_sel,mata_atlantica_sedimentos,0.00822007495168756,35,FALSE
cont_sel,Distance_to_sand_v33,0.0141497483241907,23,FALSE
cont_sel,Distance_to_rock_v33,0.00537437487643379,39,FALSE
cont_sel,Area_Estavel,0.00153700980805101,57,FALSE
cont_sel,profundidade,0.0990055464419986,1,FALSE
cont_sel,IFN_index,0,126,FALSE
cont_sel,YEAR_index,0.0066288579219423,37,FALSE
cont_sel,PSEUDOROCK_index,0.000496190576766317,88,FALSE
cont_sel,PSEUDOSAND_index,0.000344351301325502,98,FALSE
cont_sel,mb_ndvi_median_decay,0.0158819321072382,20,FALSE
cont_sel,mb_evi2_median_decay,0.0154346984267289,21,FALSE
cont_sel,formacaoFlorestal,0.00364978669037899,44,FALSE
cont_sel,outrasFormacoesFlorestais,0.00151528185426054,58,FALSE
cont_sel,formacaoCampestre,0.00235134689579098,54,FALSE
cont_sel,formacaoSavanica,0.000935091874005878,67,FALSE
cont_sel,campoAlagadoAreaPantanosa,0.00458713767325307,41,FALSE
cont_sel,restingas,0.0523350169865496,3,FALSE
cont_sel,vegNatural,0.00866770722424126,33,FALSE
cont_sel,lavouras,0.000509031012348144,87,FALSE
cont_sel,pastagem,0.00129193692623328,60,FALSE
cont_sel,silvicultura,0.000320693917048585,103,FALSE
cont_sel,mosaicoDeUsos,0.00279227408240061,48,FALSE
cont_sel,agropecuaria,0.00338625080814097,46,FALSE
cont_sel,afloramento,0.000800642800422765,72,FALSE
cont_sel,areia,0.000434992165866716,90,FALSE
cont_sel,clim_t_media,0.0408232590137893,5,TRUE
cont_sel,clim_biotemp,0.0412072550159931,4,TRUE
cont_sel,clim_p_anual,0.0279382257110688,12,TRUE
cont_sel,clim_p_mes_seco,0.0379073578897703,6,TRUE
cont_sel,clim_p_sazonalidade,0.0234586577027227,16,TRUE
cont_sel,clim_etp_anual,0.0362557666549097,7,TRUE
cont_sel,clim_def_anual,0.026620479471562,13,TRUE
cont_sel,dec_prec,0.0222026439745346,17,TRUE
