cenario,esquema,pares,delta_obs_medio,delta_pred_medio,r_delta,concordancia_sinal
cont_ambos,v2,289,-0.4925,0.3453,0.04472,0.4775
cont_ambos,v3,289,-0.4925,0.4389,-0.2578,0.5017
cont_ambos,v4,289,-0.4925,0.337,0.1523,0.4879
cont_chelsa,v2,289,-0.4925,0.2885,0.009692,0.5156
cont_chelsa,v3,289,-0.4925,0.3915,-0.2655,0.4913
cont_chelsa,v4,289,-0.4925,0.2095,0.1365,0.5052
cont_decenal,v2,289,-0.4925,0.4658,0.08746,0.4913
cont_decenal,v3,289,-0.4925,0.4837,-0.2217,0.4879
cont_decenal,v4,289,-0.4925,0.2471,0.1481,0.4602
cont_sel,v2,289,-0.4925,0.4357,0.004546,0.481
cont_sel,v3,289,-0.4925,0.4151,-0.2681,0.4706
cont_sel,v4,289,-0.4925,0.2793,0.1504,0.519
holdridge_eth,v2,289,-0.4925,0.3377,0.002874,0.4775
holdridge_eth,v3,289,-0.4925,0.4191,-0.2671,0.4948
holdridge_eth,v4,289,-0.4925,0.1988,0.09937,0.5329
koppen_ipef,v2,289,-0.4925,0.2686,0.02714,0.519
koppen_ipef,v3,289,-0.4925,0.3213,-0.2602,0.5087
koppen_ipef,v4,289,-0.4925,0.116,-0.003342,0.481
sem_clima,v2,289,-0.4925,0.3254,0.02688,0.4913
sem_clima,v3,289,-0.4925,0.3906,-0.2544,0.4913
sem_clima,v4,289,-0.4925,0.2457,-0.009219,0.5017
th_cadsolo,v2,289,-0.4925,0.4331,0.0001772,0.5329
th_cadsolo,v3,289,-0.4925,0.5136,-0.266,0.519
th_cadsolo,v4,289,-0.4925,0.2024,0.04043,0.519
zonas_k10,v2,289,-0.4925,0.2896,0.01011,0.5225
zonas_k10,v3,289,-0.4925,0.3603,-0.2796,0.5052
zonas_k10,v4,289,-0.4925,0.1414,0.03666,0.4948
