cenario,soc_medio,inclinacao_media,inclinacao_mediana,r_inclinacao_koppen,r_inclinacao_oficial,variacao_anual_media,dif_media_koppen,dif_abs_media_koppen
koppen_ipef,47.22,-0.2147,0,1,0.8926,0.1505,0,0
sem_clima,47.66,-0.2796,0,0.9887,0.8918,0.156,0.4436,1.041
zonas_k10,47.2,-0.2586,0,0.9869,0.8903,0.1409,-0.01358,1.061
holdridge_eth,47.06,-0.2734,0,0.9891,0.8983,0.1619,-0.1561,1.094
th_cadsolo,46.57,-0.2501,0,0.985,0.8687,0.1413,-0.65,1.453
cont_chelsa,46.58,-0.2836,0,0.9717,0.8495,0.09252,-0.6427,2.984
cont_decenal,47.08,-0.5249,-0.2167,0.9474,0.8467,0.3061,-0.1366,1.561
cont_ambos,46.62,-0.3203,-0.01126,0.9661,0.8252,0.1571,-0.5945,3.094
cont_sel,46.83,-0.3724,0,0.9699,0.8414,0.1382,-0.392,2.751
soc_oficial,48.07,-0.2756,-0.04128,0.8926,1,0.1773,,
