recorte,n,me,mae,mse,rmse,mec,slope,r
local-ano,547200,4.471,10.13,445.2,21.1,-0.1372,0.4824,0.754
média anual,40,4.471,4.471,20.54,4.532,-108.7,-0.0501,-0.06637
inclinação por local,13680,0.6024,1.323,7,2.646,-0.5986,0.2216,0.2133
local-ano Amazonia,192040,6.961,10.41,475.6,21.81,-0.8499,0.3986,0.7201
local-ano Caatinga,45960,-1.604,5.78,68.75,8.291,0.09174,0.5335,0.7303
local-ano Cerrado,89600,2.639,9.736,430.6,20.75,-1.532,0.3174,0.6413
local-ano Mata_Atlantica,162560,4.962,11.37,601.7,24.53,0.1136,0.5369,0.7654
local-ano Pampa,38960,4.988,10.53,258.6,16.08,-0.05076,0.5099,0.8136
local-ano Pantanal,18080,-2.99,8.312,147.7,12.15,-0.3658,0.4469,0.7299
