variavel,cenario,camada,n,me,mae,rmse,mec,slope,fator_smearing
areia,clima_continuo,000_010cm,11581,0.5797014693909371,6.409256810843436,11.23255031798264,0.8273473145069794,0.973400950474932,
silte,clima_continuo,000_010cm,11581,-0.020315093159389033,3.797433948200938,6.302098295056795,0.8217498532417299,1.0040468878399766,
argila,clima_continuo,000_010cm,11581,-0.5593863762315481,5.250842997271487,8.88770053100016,0.8059978819125027,0.9750751814279609,
areia,clima_continuo,010_020cm,9749,0.4633054758269175,6.242530703427132,11.056500566789419,0.8323454181313691,0.9696883632110941,
silte,clima_continuo,010_020cm,9749,-0.03480643652290597,3.7229851240366747,6.02823037118532,0.8297414824328277,1.0125814226847418,
argila,clima_continuo,010_020cm,9749,-0.42849903930401173,5.135196899276811,8.829909154625586,0.8172417033976491,0.9717617843162434,
areia,clima_continuo,020_030cm,6381,-0.13488192109693897,4.633838031013661,7.894732849617052,0.9009051444507195,0.9921655087937651,
silte,clima_continuo,020_030cm,6381,0.025415111479146168,2.723443491309192,4.555142242244393,0.8765825710221882,1.0093188823042167,
argila,clima_continuo,020_030cm,6381,0.10946680961779283,4.653815349356807,7.634068862855276,0.8551322845989412,1.0042816196786672,
areia,holdridge_eth,000_010cm,11581,0.7219563626179961,6.54799491784906,11.368437576862762,0.8231446690545652,0.9684469601308453,
silte,holdridge_eth,000_010cm,11581,-0.13859152507824862,3.8306187461686028,6.314891162950824,0.8210254452946045,1.002494882632654,
argila,holdridge_eth,000_010cm,11581,-0.5833648375397475,5.3264847203717665,8.999129592026888,0.8011028052321021,0.9723183955957521,
areia,holdridge_eth,010_020cm,9749,0.5492313828816973,6.390149845746527,11.230546251363139,0.8270256117422516,0.9661890622263326,
silte,holdridge_eth,010_020cm,9749,-0.1353265024350351,3.727893848443156,6.046074171169933,0.8287320467832202,1.0114450900783927,
argila,holdridge_eth,010_020cm,9749,-0.4139048804466624,5.215025655874498,8.980311240986651,0.8109627424021553,0.9696493284867073,
areia,holdridge_eth,020_030cm,6381,-0.12836068842692216,4.677905382797789,7.942437390707016,0.8997039493850816,0.9918262538687623,
silte,holdridge_eth,020_030cm,6381,0.0066079062268966805,2.7204530057165712,4.548582223684623,0.8769377905083324,1.0074819226634788,
argila,holdridge_eth,020_030cm,6381,0.12175278220002542,4.711816276820235,7.686053385425533,0.8531526011352063,1.0031220626943482,
areia,holdridge_etpm,000_010cm,11581,0.8078585018002508,6.631150290365048,11.432191794426743,0.8211554970076735,0.9649870306974736,
silte,holdridge_etpm,000_010cm,11581,-0.22137441398645635,3.879030758146655,6.369939827208018,0.8178915028140492,1.0018590938566894,
argila,holdridge_etpm,000_010cm,11581,-0.5864840878137947,5.350717124945366,8.997814816224611,0.801160918878127,0.9694812712655067,
areia,holdridge_etpm,010_020cm,9749,0.7042623912248146,6.527064578039459,11.298755633834205,0.8249180908237309,0.9591452466843976,
silte,holdridge_etpm,010_020cm,9749,-0.24359185923297608,3.813069240621398,6.111690370032115,0.824994436958992,1.0059514821045958,
argila,holdridge_etpm,010_020cm,9749,-0.4606705319918389,5.261383697378874,8.9865092910433,0.8107017120917547,0.9673420146921211,
areia,holdridge_etpm,020_030cm,6381,-0.11267874200594448,4.679718917215796,7.949847289121674,0.8995167196503076,0.991484216913955,
silte,holdridge_etpm,020_030cm,6381,-0.010671101036567253,2.718730500544007,4.548552483330889,0.876939399757763,1.0077025065539749,
argila,holdridge_etpm,020_030cm,6381,0.12334984304251177,4.708389376552411,7.690146468976346,0.8529961570709598,1.0027636115814162,
areia,koppen_chelsa,000_010cm,11581,0.6621633947640613,6.52701101201459,11.362700782116526,0.8233231151664049,0.9682654341798648,
silte,koppen_chelsa,000_010cm,11581,-0.10541530931108525,3.8295110054560793,6.332573465431103,0.820021750111885,1.0029794218023413,
argila,koppen_chelsa,000_010cm,11581,-0.556748085452976,5.306688817035556,8.973621236006753,0.8022287696573102,0.9710853569009883,
areia,koppen_chelsa,010_020cm,9749,0.45667924849799263,6.371859920946409,11.178083610735062,0.8286379103958943,0.968513910072845,
silte,koppen_chelsa,010_020cm,9749,-0.05947544421426897,3.734475645048474,6.041828675666915,0.8289724877759028,1.0116193160541311,
argila,koppen_chelsa,010_020cm,9749,-0.39720380428372365,5.20976736890746,8.952235254309107,0.8121429043946484,0.9708162847612648,
areia,koppen_chelsa,020_030cm,6381,-0.1163567130578886,4.678633460939393,7.943655739162747,0.8996731767381965,0.9913738292897107,
silte,koppen_chelsa,020_030cm,6381,-0.0027102875723675644,2.7280442246375114,4.561837797959209,0.8762194844056818,1.007011064625887,
argila,koppen_chelsa,020_030cm,6381,0.11906700063025609,4.703144488168941,7.683342369326532,0.853256174564317,1.0035786797559376,
areia,koppen_ipef,000_010cm,11581,0.6943693636158527,6.541433303331929,11.383572342115642,0.8226734617111452,0.9685516089477205,
silte,koppen_ipef,000_010cm,11581,-0.11207124751147411,3.8294302688227195,6.331218627139809,0.8200987536685741,1.0032756427994645,
argila,koppen_ipef,000_010cm,11581,-0.5822981161043786,5.319672119741225,8.993124325628974,0.8013681713648186,0.9708476847365345,
areia,koppen_ipef,010_020cm,9749,0.47196284290226503,6.361091750690954,11.196404379802937,0.828075728509843,0.9673047444259908,
silte,koppen_ipef,010_020cm,9749,-0.07897666531740773,3.721872642894293,6.031835968683361,0.8295377519066818,1.0125226882371658,
argila,koppen_ipef,010_020cm,9749,-0.3929861775848571,5.212050196640343,8.97678016654418,0.8111113727511627,0.9693468056488473,
areia,koppen_ipef,020_030cm,6381,-0.12821193871032346,4.681790544344729,7.946760701326997,0.899594731276518,0.9918921351079897,
silte,koppen_ipef,020_030cm,6381,0.008248793192094017,2.7222833099918886,4.554320148797976,0.8766271147481746,1.007559050366369,
argila,koppen_ipef,020_030cm,6381,0.11996314551822931,4.704939982949601,7.684430639808381,0.8532146019581002,1.003333658969882,
areia,sem_clima,000_010cm,11581,0.7125870451492676,6.552732742545954,11.408212508305784,0.8219049711076508,0.9675156728065225,
silte,sem_clima,000_010cm,11581,-0.12573683915932482,3.8330135824992655,6.334132347307317,0.8199331291534245,1.0028998420177218,
argila,sem_clima,000_010cm,11581,-0.5868502059899429,5.327626907294283,9.012159931363621,0.800526399648408,0.9705720414835683,
areia,sem_clima,010_020cm,9749,0.4616690757131035,6.36851688413638,11.193717268175158,0.82815824147674,0.9673621364412364,
silte,sem_clima,010_020cm,9749,-0.05746381444896873,3.7209090227623274,6.033217632067253,0.8294596501737314,1.011426684394462,
argila,sem_clima,010_020cm,9749,-0.4042052612641348,5.216163613307129,8.975487759621808,0.8111657582639116,0.9701022141406587,
areia,sem_clima,020_030cm,6381,-0.11805397743216758,4.680365186685861,7.951738800660177,0.8994688978775203,0.9915552132355478,
silte,sem_clima,020_030cm,6381,-0.003942389694143825,2.724392632150782,4.559407788412974,0.8763513206241953,1.0067538331511756,
argila,sem_clima,020_030cm,6381,0.12199636712631148,4.703801416487394,7.683620713532062,0.8532455422037128,1.0030725444732491,
areia,th_cad100,000_010cm,11581,0.6941539943918096,6.521689720095479,11.370936136158097,0.8230669218554911,0.9682349793146141,
silte,th_cad100,000_010cm,11581,-0.12566286097160007,3.824679073482767,6.326315410865726,0.8203772950367567,1.0036975487260986,
argila,th_cad100,000_010cm,11581,-0.5684911334202097,5.312679187826222,8.993145650773933,0.801367229343468,0.9714035790205081,
areia,th_cad100,010_020cm,9749,0.4651319389658768,6.352831538398043,11.164639252531861,0.829049871501915,0.9680846740601472,
silte,th_cad100,010_020cm,9749,-0.07542927040329826,3.7273833677854595,6.044308378048117,0.8288320718913669,1.0113696457963002,
argila,th_cad100,010_020cm,9749,-0.3897026685625784,5.195646203758979,8.927582695287906,0.8131761170820886,0.9710842416609012,
areia,th_cad100,020_030cm,6381,-0.14496201552811921,4.675760769892488,7.932423687730603,0.8999566933945622,0.9917378341611238,
silte,th_cad100,020_030cm,6381,-0.01193297752015896,2.724033154497666,4.55751660041161,0.8764538753471094,1.0089878543709503,
argila,th_cad100,020_030cm,6381,0.15689499304827823,4.700415401714206,7.68178688825794,0.8533155846820132,1.0018706037072567,
areia,th_cadsolo,000_010cm,11581,0.6515121244829245,6.528569619884036,11.367871990830803,0.8231622659171045,0.9690941360422488,
silte,th_cadsolo,000_010cm,11581,-0.0931261127108883,3.8310819743758646,6.336113904129646,0.8198204480381234,1.0022268015581233,
argila,th_cadsolo,000_010cm,11581,-0.558386011772036,5.311417732339229,8.976728642476507,0.8020917765773918,0.9723528007347374,
areia,th_cadsolo,010_020cm,9749,0.46988884398226394,6.377198220647601,11.211167019610283,0.8276220597708531,0.9674299497501966,
silte,th_cadsolo,010_020cm,9749,-0.07246056248335213,3.736062186207945,6.062099628293309,0.8278229330067611,1.010689716085629,
argila,th_cadsolo,010_020cm,9749,-0.3974282814989118,5.210530617123891,8.952502898865687,0.8121316715172231,0.9704064702095544,
areia,th_cadsolo,020_030cm,6381,-0.14259298694454658,4.676336346494441,7.939804795672372,0.8997704264909824,0.9913414374446303,
silte,th_cadsolo,020_030cm,6381,0.006614495071438531,2.7253021737324734,4.563051115580868,0.8761536315367738,1.006669487733728,
argila,th_cadsolo,020_030cm,6381,0.1359784918731081,4.6964350034920335,7.67614077707146,0.8535311314468867,1.0030941806280005,
areia,zonas_k10,000_010cm,11581,0.7063634321734985,6.540883263341891,11.39658267071569,0.8222678957171686,0.9689545935229252,
silte,zonas_k10,000_010cm,11581,-0.14211959223553783,3.8308708545138823,6.338522120038729,0.8196834575325546,1.00449993789531,
argila,zonas_k10,000_010cm,11581,-0.5642438399379608,5.31821451021966,8.990259013494187,0.8014947239400387,0.9708761819214722,
areia,zonas_k10,010_020cm,9749,0.45418675471400843,6.345708300536921,11.194282492758212,0.8281408868060358,0.9665256846740914,
silte,zonas_k10,010_020cm,9749,-0.05020868582892107,3.715986311334604,6.030760545774904,0.8295985303050006,1.0108137615937862,
argila,zonas_k10,010_020cm,9749,-0.4039780688850875,5.201948211856538,8.969887718003383,0.8114013220007068,0.9697064722851271,
areia,zonas_k10,020_030cm,6381,-0.10790756426794472,4.678810583368604,7.941795359503253,0.8997201637002376,0.9917596641718962,
silte,zonas_k10,020_030cm,6381,-0.00021898477296671332,2.7188408030152833,4.557978312221286,0.8764288417161968,1.0072626124444282,
argila,zonas_k10,020_030cm,6381,0.10812654904091137,4.698824822529769,7.677177568806061,0.8534915626134925,1.0035235798677478,
areia,clima_continuo,000_030cm,27711,0.3742054152622965,5.941776025043741,10.492306898786305,0.8444672396398167,0.9755631963057189,
silte,clima_continuo,000_030cm,27711,-0.014883014585986183,3.5239348073469943,5.844730282130993,0.8356793619345648,1.0082151866696465,
argila,clima_continuo,000_030cm,27711,-0.35932240067631005,5.072680273779239,8.594277252715928,0.822340877090628,0.9791242431127601,
areia,holdridge_eth,000_030cm,27711,0.4653878905250801,6.06183877295751,10.625942009655269,0.840480128036873,0.9719810645882669,
silte,holdridge_eth,000_030cm,27711,-0.10400784794978625,3.5388417400067973,5.855798296327158,0.8350564332167413,1.00693106418029,
argila,holdridge_eth,000_030cm,27711,-0.3613800425752938,5.1457328976989585,8.707487817716007,0.8176295184805452,0.9769266970230638,
areia,holdridge_etpm,000_030cm,27711,0.5594406664739451,6.145176662508691,10.68109986536591,0.8388197367591179,0.96778956596341,
silte,holdridge_etpm,000_030cm,27711,-0.18067216700060515,3.5886430139975363,5.904472306725072,0.8323029805879657,1.0049141962597534,
argila,holdridge_etpm,000_030cm,27711,-0.37876849947333996,5.171380220905772,8.710001424311058,0.8175242128357074,0.974796685873028,
areia,koppen_chelsa,000_030cm,27711,0.410602579565773,6.046802245090461,10.604103394533507,0.8411351500975123,0.9727134447012902,
silte,koppen_chelsa,000_030cm,27711,-0.06560337583543953,3.5424423591778127,5.864604810783494,0.834559944063531,1.0069492073328896,
argila,koppen_chelsa,000_030cm,27711,-0.34499920373033355,5.133613014635835,8.685736844093748,0.8185394895855633,0.9770068257401414,
areia,koppen_ipef,000_030cm,27711,0.426709139857053,6.0497682518435605,10.620781097561839,0.840635044769742,0.9724617433860413,
silte,koppen_ipef,000_030cm,27711,-0.0727222070026718,3.536648195296836,5.859026621815312,0.8348745149619882,1.0075705649285824,
argila,koppen_ipef,000_030cm,27711,-0.3539869328543814,5.140255574211369,8.703283146133604,0.8178056020672351,0.9762747138336711,
areia,sem_clima,000_030cm,27711,0.4330403074232636,6.056774539031892,10.631686158968828,0.840307615589586,0.9719576241887217,
silte,sem_clima,000_030cm,27711,-0.07367216809229075,3.5382924379339635,5.861753765605462,0.8347207604995385,1.0067894426868607,
argila,sem_clima,000_030cm,27711,-0.3593681393309728,5.144765007329665,8.710875246236714,0.8174875976081424,0.976367425828727,
areia,th_cad100,000_030cm,27711,0.4203589210401989,6.037222503300214,10.600873170105638,0.8412319222505076,0.9725617945388112,
silte,th_cad100,000_030cm,27711,-0.08180166286420516,3.5370042351915836,5.861906816407071,0.8347121294818096,1.0075805500435728,
argila,th_cad100,000_030cm,27711,-0.33855725817599375,5.130520125329296,8.684932460440082,0.8185730980432329,0.9767682465580042,
areia,th_cadsolo,000_030cm,27711,0.40475704247146194,6.048802729888908,10.618033637019892,0.8407174854658223,0.9726618721368121,
silte,th_cadsolo,000_030cm,27711,-0.06288854396824904,3.543025649351343,5.873772489480898,0.834042300745419,1.0062619550549377,
argila,th_cadsolo,000_030cm,27711,-0.3418684985032131,5.134312854167807,8.685709579493297,0.818540628795889,0.9772326059811864,
areia,zonas_k10,000_030cm,27711,0.43014338753976394,6.043440136666737,10.62496928060378,0.8405093325085844,0.9723257496435225,
silte,zonas_k10,000_030cm,27711,-0.07710904758623707,3.5343866724176993,5.862591288499547,0.8346735271828303,1.007377341232951,
argila,zonas_k10,000_030cm,27711,-0.35303433995352695,5.1346842969508755,8.69807041277955,0.818023783271684,0.976515457953497,
soc_t_ha,clima_continuo,000_030cm,10892,-8.937033003926215,20.14822395066438,48.38133527344972,0.13653567634869468,1.3661750001493036,
soc_t_ha_smearing,clima_continuo,000_030cm,10892,-0.4826776922301974,20.907940713580302,47.27618139646269,0.17553261824621536,1.1552055115244413,1.1826250710546393
soc_t_ha,holdridge_eth,000_030cm,10892,-9.350499168558622,20.35686934219207,48.83453625260202,0.12028330596515857,1.3383574361440769,
soc_t_ha_smearing,holdridge_eth,000_030cm,10892,-0.2261000160302091,21.269885413304312,47.686424761317305,0.16116175395353471,1.1163443207251578,1.1988751241863287
soc_t_ha,holdridge_etpm,000_030cm,10892,-9.260100303989047,20.285574754531332,48.69362828833022,0.12535267945396245,1.351632422429974,
soc_t_ha_smearing,holdridge_etpm,000_030cm,10892,-0.24355864954052767,21.177517451386045,47.545001796016805,0.1661298379152163,1.1299972395875937,1.1961378090828512
soc_t_ha,koppen_chelsa,000_030cm,10892,-9.15949691721391,20.33692214565513,48.86994253650786,0.11900720946533716,1.3090606894448318,
soc_t_ha_smearing,koppen_chelsa,000_030cm,10892,-0.16755415350659061,21.29187568884796,47.787704880185984,0.1575947909237465,1.0952873487298411,1.1951755774070567
soc_t_ha,koppen_ipef,000_030cm,10892,-9.079574758875282,20.334180076881236,48.88880344999522,0.11832705580016922,1.2865181980888432,
soc_t_ha_smearing,koppen_ipef,000_030cm,10892,-0.10355441887421435,21.319662879334114,47.84156586773689,0.155694789818145,1.0770416043705089,1.1944925737950167
soc_t_ha,sem_clima,000_030cm,10892,-9.124325586151194,20.30270045530738,48.8216356274875,0.1207480342958851,1.3108395737703256,
soc_t_ha_smearing,sem_clima,000_030cm,10892,-0.22696968758398026,21.228895665257387,47.74310805917492,0.15916636940366347,1.098798686408474,1.1929751918933635
soc_t_ha,th_cad100,000_030cm,10892,-9.291082245423537,20.26486777033954,48.7759228703234,0.12239378885834451,1.3549992951574759,
soc_t_ha_smearing,th_cad100,000_030cm,10892,-0.31838815443937873,21.116868013482442,47.62654529902778,0.16326707626195192,1.1335912208437993,1.1953156219301608
soc_t_ha,th_cadsolo,000_030cm,10892,-9.345826987384257,20.26250849498943,48.781005865948586,0.122210866600579,1.3556612113024025,
soc_t_ha_smearing,th_cadsolo,000_030cm,10892,-0.31129545194981517,21.1243805881235,47.618909274132854,0.16353536367152832,1.132647153287487,1.1968963214780717
soc_t_ha,zonas_k10,000_030cm,10892,-9.21675286778822,20.284706392679436,48.818298435343415,0.12086823233638477,1.3116930717356896,
soc_t_ha_smearing,zonas_k10,000_030cm,10892,-0.2272836096672653,21.197099144661106,47.718717569252256,0.1600252621940612,1.0973162337498648,1.1953646828437359
