rep,camada,cenario,fracao,n,r2,rmse
0,000_010cm,koppen_ipef,areia,11581,0.3245441302567471,22.217244469502045
0,000_010cm,koppen_ipef,silte,11581,0.2930549202150057,12.550558799693157
0,000_010cm,koppen_ipef,argila,11581,0.28082439573843143,17.11211343289251
0,000_010cm,sem_clima,areia,11581,0.3270127612541637,22.176607926789735
0,000_010cm,sem_clima,silte,11581,0.29832797567975755,12.503664306323348
0,000_010cm,sem_clima,argila,11581,0.27841131396299645,17.140797907734633
0,000_010cm,koppen_chelsa,areia,11581,0.32620352089214255,22.189937165098932
0,000_010cm,koppen_chelsa,silte,11581,0.3138044455549187,12.365001537130002
0,000_010cm,koppen_chelsa,argila,11581,0.28899466499378246,17.01463381297585
0,000_010cm,holdridge_etpm,areia,11581,0.3306711697360488,22.116248944311916
0,000_010cm,holdridge_etpm,silte,11581,0.297182360565701,12.513867466952684
0,000_010cm,holdridge_etpm,argila,11581,0.2842354370818223,17.0714839239975
0,000_010cm,holdridge_eth,areia,11581,0.3276510059213418,22.166089555583216
0,000_010cm,holdridge_eth,silte,11581,0.2923103744090231,12.55716610704276
0,000_010cm,holdridge_eth,argila,11581,0.28462379464789267,17.066851996242498
0,000_010cm,th_cad100,areia,11581,0.312630646424365,22.412318543001213
0,000_010cm,th_cad100,silte,11581,0.3109664204062502,12.390545258331583
0,000_010cm,th_cad100,argila,11581,0.2685571256065511,17.257440459363572
0,000_010cm,th_cadsolo,areia,11581,0.3092521380762778,22.467330734946973
0,000_010cm,th_cadsolo,silte,11581,0.31644522645167394,12.341185631997226
0,000_010cm,th_cadsolo,argila,11581,0.2644095013915405,17.30630018429016
0,000_010cm,clima_continuo,areia,11581,0.36318647379763813,21.572369156658507
0,000_010cm,clima_continuo,silte,11581,0.3748692670234841,11.802001074198134
0,000_010cm,clima_continuo,argila,11581,0.3065870147262847,16.802819499267258
0,000_010cm,zonas_k10,areia,11581,0.3384180694131902,21.98788826437494
0,000_010cm,zonas_k10,silte,11581,0.31326659594189077,12.369846517958313
0,000_010cm,zonas_k10,argila,11581,0.30109226669637656,16.869262641621326
0,010_020cm,koppen_ipef,areia,9749,0.34929607289526365,21.782197574840197
0,010_020cm,koppen_ipef,silte,9749,0.29795452628011143,12.241032153177313
0,010_020cm,koppen_ipef,argila,9749,0.3194618421640476,17.038993027987278
0,010_020cm,sem_clima,areia,9749,0.36213153853667046,21.566295117269636
0,010_020cm,sem_clima,silte,9749,0.30642456674089047,12.166965252819402
0,010_020cm,sem_clima,argila,9749,0.33338149282831697,16.863835919618726
0,010_020cm,koppen_chelsa,areia,9749,0.36241884826087134,21.561437607798634
0,010_020cm,koppen_chelsa,silte,9749,0.3056408952082188,12.173837044982704
0,010_020cm,koppen_chelsa,argila,9749,0.3266604217142338,16.948636131307854
0,010_020cm,holdridge_etpm,areia,9749,0.3644116780261585,21.527714918053583
0,010_020cm,holdridge_etpm,silte,9749,0.308037832404775,12.152806753474133
0,010_020cm,holdridge_etpm,argila,9749,0.3337942957818171,16.858613652872048
0,010_020cm,holdridge_eth,areia,9749,0.3669446903039577,21.484774855706526
0,010_020cm,holdridge_eth,silte,9749,0.30344075427426553,12.193108754354771
0,010_020cm,holdridge_eth,argila,9749,0.3431013857796117,16.740439569309068
0,010_020cm,th_cad100,areia,9749,0.3587320765785499,21.623686557565634
0,010_020cm,th_cad100,silte,9749,0.31490140507519526,12.092384704019963
0,010_020cm,th_cad100,argila,9749,0.32284091783082103,16.996638536450615
0,010_020cm,th_cadsolo,areia,9749,0.3483784703686059,21.797550454436845
0,010_020cm,th_cadsolo,silte,9749,0.3160986607972478,12.081813957270514
0,010_020cm,th_cadsolo,argila,9749,0.30995384351493327,17.157608552090263
0,010_020cm,clima_continuo,areia,9749,0.3649867326447228,21.517974011185718
0,010_020cm,clima_continuo,silte,9749,0.3449208142787752,11.824487243844663
0,010_020cm,clima_continuo,argila,9749,0.3322228369109811,16.878485153056694
0,010_020cm,zonas_k10,areia,9749,0.3584546315114566,21.628363804141788
0,010_020cm,zonas_k10,silte,9749,0.304830960254872,12.180935059859749
0,010_020cm,zonas_k10,argila,9749,0.35113349396153726,16.637779451476224
0,020_030cm,koppen_ipef,areia,6381,0.3835292897177274,19.69101520955928
0,020_030cm,koppen_ipef,silte,6381,0.34661159861918234,10.480919999605405
0,020_030cm,koppen_ipef,argila,6381,0.29483862946263906,16.84280901653242
0,020_030cm,sem_clima,areia,6381,0.3836663243926305,19.68882653960877
0,020_030cm,sem_clima,silte,6381,0.34262059518927623,10.512880856829495
0,020_030cm,sem_clima,argila,6381,0.29550128243981666,16.83489340935935
0,020_030cm,koppen_chelsa,areia,6381,0.3853119780839329,19.66252370357912
0,020_030cm,koppen_chelsa,silte,6381,0.3682130525388052,10.306210779152751
0,020_030cm,koppen_chelsa,argila,6381,0.29281262082249815,16.86698731306494
0,020_030cm,holdridge_etpm,areia,6381,0.38839348858974054,19.613176393352596
0,020_030cm,holdridge_etpm,silte,6381,0.3440409979893311,10.501517099296862
0,020_030cm,holdridge_etpm,argila,6381,0.2916075760972632,16.88135183895031
0,020_030cm,holdridge_eth,areia,6381,0.38506076822674995,19.666541119763927
0,020_030cm,holdridge_eth,silte,6381,0.3453600258791575,10.490953356487825
0,020_030cm,holdridge_eth,argila,6381,0.29275052674446067,16.867727793642004
0,020_030cm,th_cad100,areia,6381,0.38596644198798113,19.652053482368572
0,020_030cm,th_cad100,silte,6381,0.3478982040513733,10.470595777863794
0,020_030cm,th_cad100,argila,6381,0.29180285373859993,16.879024895808282
0,020_030cm,th_cadsolo,areia,6381,0.39005330463363463,19.58654457925839
0,020_030cm,th_cadsolo,silte,6381,0.3411181423518219,10.524887692496508
0,020_030cm,th_cadsolo,argila,6381,0.2965269847122296,16.822633714853403
0,020_030cm,clima_continuo,areia,6381,0.4007310286526695,19.414346648527168
0,020_030cm,clima_continuo,silte,6381,0.39217196080528827,10.108903732642597
0,020_030cm,clima_continuo,argila,6381,0.29692822501544713,16.81783546298782
0,020_030cm,zonas_k10,areia,6381,0.3897571045524686,19.59129977506402
0,020_030cm,zonas_k10,silte,6381,0.3631147110482077,10.347711322047811
0,020_030cm,zonas_k10,argila,6381,0.28627297939251417,16.944795697575053
1,000_010cm,koppen_ipef,areia,11581,0.2674292425158161,23.13750327014102
1,000_010cm,koppen_ipef,silte,11581,0.28703158547964014,12.603912219204915
1,000_010cm,koppen_ipef,argila,11581,0.26940494971519036,17.24743590749286
1,000_010cm,sem_clima,areia,11581,0.2711298731950551,23.078988948764735
1,000_010cm,sem_clima,silte,11581,0.2951195005005445,12.53221891521242
1,000_010cm,sem_clima,argila,11581,0.253287127152923,17.436647829932703
1,000_010cm,koppen_chelsa,areia,11581,0.2801163688788594,22.936273207667476
1,000_010cm,koppen_chelsa,silte,11581,0.31383416759662375,12.364733743883082
1,000_010cm,koppen_chelsa,argila,11581,0.26014144609920486,17.356435016006866
1,000_010cm,holdridge_etpm,areia,11581,0.2689348297084273,23.113714820192822
1,000_010cm,holdridge_etpm,silte,11581,0.2880569629841505,12.59484560572082
1,000_010cm,holdridge_etpm,argila,11581,0.2525883286811853,17.44480481631959
1,000_010cm,holdridge_eth,areia,11581,0.27770484969661524,22.974657896809422
1,000_010cm,holdridge_eth,silte,11581,0.2918370916513635,12.561364343584755
1,000_010cm,holdridge_eth,argila,11581,0.26346753775924636,17.317377468379455
1,000_010cm,th_cad100,areia,11581,0.27755822126122087,22.976989746324584
1,000_010cm,th_cad100,silte,11581,0.31277381882023314,12.374283817951696
1,000_010cm,th_cad100,argila,11581,0.2666799658374487,17.27957083773143
1,000_010cm,th_cadsolo,areia,11581,0.27021109466503135,23.09353049782371
1,000_010cm,th_cadsolo,silte,11581,0.3046669534871216,12.447056466209299
1,000_010cm,th_cadsolo,argila,11581,0.2611566188116228,17.344523396298435
1,000_010cm,clima_continuo,areia,11581,0.3346270477893162,22.050796185310702
1,000_010cm,clima_continuo,silte,11581,0.343659975909682,12.093017154772024
1,000_010cm,clima_continuo,argila,11581,0.30760921242273376,16.790429957704916
1,000_010cm,zonas_k10,areia,11581,0.2886197931413156,22.800406634785233
1,000_010cm,zonas_k10,silte,11581,0.30991200198575,12.400022172912045
1,000_010cm,zonas_k10,argila,11581,0.2674473967560643,17.2705267999656
1,010_020cm,koppen_ipef,areia,9749,0.3491051534590257,21.785392837471402
1,010_020cm,koppen_ipef,silte,9749,0.297787081023726,12.24249187383621
1,010_020cm,koppen_ipef,argila,9749,0.3285201345742187,16.92521452400857
1,010_020cm,sem_clima,areia,9749,0.34390318095253647,21.872274372343536
1,010_020cm,sem_clima,silte,9749,0.297831192786441,12.242107342048696
1,010_020cm,sem_clima,argila,9749,0.3185500782393701,17.050403364756303
1,010_020cm,koppen_chelsa,areia,9749,0.3285416920086556,22.1268455788075
1,010_020cm,koppen_chelsa,silte,9749,0.29566677686700227,12.260960802982968
1,010_020cm,koppen_chelsa,argila,9749,0.3087012361163851,17.173174179709388
1,010_020cm,holdridge_etpm,areia,9749,0.3308379357362733,22.08897863840144
1,010_020cm,holdridge_etpm,silte,9749,0.29201262964029917,12.292725167981951
1,010_020cm,holdridge_etpm,argila,9749,0.3092875823381679,17.165889657877845
1,010_020cm,holdridge_eth,areia,9749,0.33519015819937104,22.017028223335455
1,010_020cm,holdridge_eth,silte,9749,0.2995111732319319,12.22745358848126
1,010_020cm,holdridge_eth,argila,9749,0.3190265687444287,17.04444124212113
1,010_020cm,th_cad100,areia,9749,0.3369159443641546,21.988432547284773
1,010_020cm,th_cad100,silte,9749,0.31565542512336975,12.085728428019493
1,010_020cm,th_cad100,argila,9749,0.30825236751357465,17.178748649246565
1,010_020cm,th_cadsolo,areia,9749,0.3407996232381312,21.92394493163259
1,010_020cm,th_cadsolo,silte,9749,0.3178789726524561,12.066078198475006
1,010_020cm,th_cadsolo,argila,9749,0.3122436960629559,17.12911694962068
1,010_020cm,clima_continuo,areia,9749,0.341153960803364,21.91805179066801
1,010_020cm,clima_continuo,silte,9749,0.32983669319423226,11.959850186224333
1,010_020cm,clima_continuo,argila,9749,0.3210639432657909,17.018924884667314
1,010_020cm,zonas_k10,areia,9749,0.3455841059962055,21.8442379367355
1,010_020cm,zonas_k10,silte,9749,0.3076877797099693,12.155880320979284
1,010_020cm,zonas_k10,argila,9749,0.33449353090983347,16.849764111680503
1,020_030cm,koppen_ipef,areia,6381,0.37076701576867266,19.893794346776353
1,020_030cm,koppen_ipef,silte,6381,0.3566832157791854,10.399827524125667
1,020_030cm,koppen_ipef,argila,6381,0.28635761955837336,16.94379093468967
1,020_030cm,sem_clima,areia,6381,0.3732001272247468,19.855294536154247
1,020_030cm,sem_clima,silte,6381,0.34494826896928865,10.494252149460104
1,020_030cm,sem_clima,argila,6381,0.289621773976804,16.904996617361267
1,020_030cm,koppen_chelsa,areia,6381,0.3619110899067811,20.033299432508255
1,020_030cm,koppen_chelsa,silte,6381,0.3515300627279644,10.441397253299156
1,020_030cm,koppen_chelsa,argila,6381,0.2878134528569398,16.926499410995955
1,020_030cm,holdridge_etpm,areia,6381,0.3651323873305542,19.98266787657354
1,020_030cm,holdridge_etpm,silte,6381,0.34743844255740675,10.474286251167332
1,020_030cm,holdridge_etpm,argila,6381,0.28310785495470703,16.982326193665735
1,020_030cm,holdridge_eth,areia,6381,0.3636975555519397,20.005236034644145
1,020_030cm,holdridge_eth,silte,6381,0.3464399008335468,10.482297000287796
1,020_030cm,holdridge_eth,argila,6381,0.2866379650877945,16.940462529056937
1,020_030cm,th_cad100,areia,6381,0.38109737080803907,19.729816580805647
1,020_030cm,th_cad100,silte,6381,0.344785275331299,10.495557687530011
1,020_030cm,th_cad100,argila,6381,0.30073195308337075,16.772280206414155
1,020_030cm,th_cadsolo,areia,6381,0.383227995941846,19.69582651324743
1,020_030cm,th_cadsolo,silte,6381,0.35456840682416724,10.41690744753864
1,020_030cm,th_cadsolo,argila,6381,0.29575127276616764,16.831906225842047
1,020_030cm,clima_continuo,areia,6381,0.3996575239037964,19.431727882226376
1,020_030cm,clima_continuo,silte,6381,0.38888373352924244,10.13621041817279
1,020_030cm,clima_continuo,argila,6381,0.31686489545269236,16.57767301342736
1,020_030cm,zonas_k10,areia,6381,0.3661375341279537,19.966842946652793
1,020_030cm,zonas_k10,silte,6381,0.37142339133072666,10.27999263191124
1,020_030cm,zonas_k10,argila,6381,0.28036303608978674,17.014805888676
2,000_010cm,koppen_ipef,areia,11581,0.2646662296262752,23.181095682610767
2,000_010cm,koppen_ipef,silte,11581,0.29062086483770133,12.57214640661468
2,000_010cm,koppen_ipef,argila,11581,0.25393019162361696,17.42913804653885
2,000_010cm,sem_clima,areia,11581,0.27102446026932014,23.0806577891405
2,000_010cm,sem_clima,silte,11581,0.29821767050297987,12.504647076516319
2,000_010cm,sem_clima,argila,11581,0.24481178020158534,17.535323418843717
2,000_010cm,koppen_chelsa,areia,11581,0.263828393387893,23.19429814495808
2,000_010cm,koppen_chelsa,silte,11581,0.2904472621362093,12.573684670820885
2,000_010cm,koppen_chelsa,argila,11581,0.2452000666839549,17.530814870983974
2,000_010cm,holdridge_etpm,areia,11581,0.26043615676272325,23.24767572453424
2,000_010cm,holdridge_etpm,silte,11581,0.29378509384543294,12.544075654915051
2,000_010cm,holdridge_etpm,argila,11581,0.24041047526731252,17.586347904816865
2,000_010cm,holdridge_eth,areia,11581,0.27343575960554223,23.04245316407576
2,000_010cm,holdridge_eth,silte,11581,0.30166999002120665,12.473851729740568
2,000_010cm,holdridge_eth,argila,11581,0.2497904737179799,17.477425689126516
2,000_010cm,th_cad100,areia,11581,0.26334950042774585,23.20184107391871
2,000_010cm,th_cad100,silte,11581,0.3008145611525106,12.481489398879434
2,000_010cm,th_cad100,argila,11581,0.24593901180077704,17.522231482476656
2,000_010cm,th_cadsolo,areia,11581,0.2631129426525206,23.20556613441084
2,000_010cm,th_cadsolo,silte,11581,0.3030275072939126,12.461721571797392
2,000_010cm,th_cadsolo,argila,11581,0.2504491265036478,17.46975177771272
2,000_010cm,clima_continuo,areia,11581,0.26686756841402237,23.146371523601395
2,000_010cm,clima_continuo,silte,11581,0.3119884192736757,12.381352801912115
2,000_010cm,clima_continuo,argila,11581,0.25515797143738117,17.414790893750098
2,000_010cm,zonas_k10,areia,11581,0.26547645946071163,23.16832108100675
2,000_010cm,zonas_k10,silte,11581,0.2913918435177706,12.565312619553673
2,000_010cm,zonas_k10,argila,11581,0.23981725150906807,17.593213852104313
2,010_020cm,koppen_ipef,areia,9749,0.3235892381311325,22.20829580599855
2,010_020cm,koppen_ipef,silte,9749,0.29928173081904674,12.229455952154181
2,010_020cm,koppen_ipef,argila,9749,0.31105090572169647,17.143964210297387
2,010_020cm,sem_clima,areia,9749,0.33494538003901475,22.021081105335195
2,010_020cm,sem_clima,silte,9749,0.30750679345956833,12.157469129733679
2,010_020cm,sem_clima,argila,9749,0.30957752330747834,17.16228640927631
2,010_020cm,koppen_chelsa,areia,9749,0.3275786458195563,22.14270772453211
2,010_020cm,koppen_chelsa,silte,9749,0.31051996766284296,12.130990524725908
2,010_020cm,koppen_chelsa,argila,9749,0.2998754611382022,17.2824510089937
2,010_020cm,holdridge_etpm,areia,9749,0.325332548351289,22.179658675248774
2,010_020cm,holdridge_etpm,silte,9749,0.3024525519364837,12.201754815788044
2,010_020cm,holdridge_etpm,argila,9749,0.30388941040993844,17.232837980881282
2,010_020cm,holdridge_eth,areia,9749,0.3289823441523425,22.119583890313105
2,010_020cm,holdridge_eth,silte,9749,0.3056273360387458,12.173955907335525
2,010_020cm,holdridge_eth,argila,9749,0.30952587943763454,17.162928270123604
2,010_020cm,th_cad100,areia,9749,0.33526007952133774,22.01587037329878
2,010_020cm,th_cad100,silte,9749,0.3186926807903503,12.058879185799523
2,010_020cm,th_cad100,argila,9749,0.3028799337412674,17.245328701375474
2,010_020cm,th_cadsolo,areia,9749,0.3410987139605183,21.918970729014024
2,010_020cm,th_cadsolo,silte,9749,0.32309156312189224,12.019886876999587
2,010_020cm,th_cadsolo,argila,9749,0.3061966674722527,17.204255174471236
2,010_020cm,clima_continuo,areia,9749,0.30262494255896955,22.549825433105504
2,010_020cm,clima_continuo,silte,9749,0.29944815784797096,12.228003561817948
2,010_020cm,clima_continuo,argila,9749,0.3046641226743345,17.22324596511948
2,010_020cm,zonas_k10,areia,9749,0.3279162007539277,22.13714921685318
2,010_020cm,zonas_k10,silte,9749,0.31480185512232794,12.093263229103272
2,010_020cm,zonas_k10,argila,9749,0.3122042086501454,17.12960867525071
2,020_030cm,koppen_ipef,areia,6381,0.3727647176097605,19.86218962794576
2,020_030cm,koppen_ipef,silte,6381,0.3743027316094911,10.256420666897002
2,020_030cm,koppen_ipef,argila,6381,0.2902674812300855,16.89731186567085
2,020_030cm,sem_clima,areia,6381,0.3738791107176863,19.844537458216035
2,020_030cm,sem_clima,silte,6381,0.3644926043770552,10.336511689418225
2,020_030cm,sem_clima,argila,6381,0.28739140875016256,16.93151401799569
2,020_030cm,koppen_chelsa,areia,6381,0.37516413246805824,19.824162990411654
2,020_030cm,koppen_chelsa,silte,6381,0.37676801247504255,10.236195300647653
2,020_030cm,koppen_chelsa,argila,6381,0.2923682716014926,16.872285523942868
2,020_030cm,holdridge_etpm,areia,6381,0.38057177684432153,19.7381924313272
2,020_030cm,holdridge_etpm,silte,6381,0.3681545448349728,10.30668798018601
2,020_030cm,holdridge_etpm,argila,6381,0.2911728389101501,16.886531048623286
2,020_030cm,holdridge_eth,areia,6381,0.3696965412690919,19.910709186332305
2,020_030cm,holdridge_eth,silte,6381,0.3612127770006869,10.36315051776915
2,020_030cm,holdridge_eth,argila,6381,0.28632328498831694,16.94419852734086
2,020_030cm,th_cad100,areia,6381,0.38248974384797185,19.70761055708509
2,020_030cm,th_cad100,silte,6381,0.366220688027765,10.32244850429183
2,020_030cm,th_cad100,argila,6381,0.29879381529208116,16.795507706072737
2,020_030cm,th_cadsolo,areia,6381,0.3782624352153501,19.774951996076307
2,020_030cm,th_cadsolo,silte,6381,0.37551041007156183,10.246517762078609
2,020_030cm,th_cadsolo,argila,6381,0.29011688969232874,16.899104412261643
2,020_030cm,clima_continuo,areia,6381,0.3969598120688126,19.47533835962211
2,020_030cm,clima_continuo,silte,6381,0.39721151556744627,10.066909610341792
2,020_030cm,clima_continuo,argila,6381,0.30953220254358316,16.66640694290774
2,020_030cm,zonas_k10,areia,6381,0.36882120113911077,19.924529986197943
2,020_030cm,zonas_k10,silte,6381,0.37170589683141775,10.277682268458808
2,020_030cm,zonas_k10,argila,6381,0.2923680599678513,16.872288046966364
