classe,n,media,desvio_padrao,mediana,q25,q75,variavel,nivel,unidade
A,7708,53.172658277114685,25.138892780379624,55.9,34.3,73.8,areia,koppen_l1,%
B,267,62.32022471910113,21.201687298661252,64.7,50.75,78.525,areia,koppen_l1,%
C,4087,37.627954489845855,24.6679001591592,35.0,15.0,57.35,areia,koppen_l1,%
A,7708,16.50951608718215,13.740091701121823,12.0,7.0,21.7,silte,koppen_l1,%
B,267,19.06741573033708,12.430881312832836,16.5,10.0,26.0,silte,koppen_l1,%
C,4087,25.57927575238561,13.92344906395577,24.0,15.0,34.2,silte,koppen_l1,%
A,7708,30.31517254800208,19.300623533394013,26.35,14.8,42.225,argila,koppen_l1,%
B,267,18.623595505617978,13.115171772903386,16.0,7.025,28.0,argila,koppen_l1,%
C,4087,36.79142402740396,20.849608661302494,34.0,19.0,53.75,argila,koppen_l1,%
Af,538,43.000743494423794,27.26080551152264,43.0,17.625,66.0,areia,koppen_l2,%
Am,4260,53.03349765258216,23.912568815969728,56.25,36.0875,72.0,areia,koppen_l2,%
As,529,58.50992438563327,23.03845559836659,62.0,43.0,77.0,areia,koppen_l2,%
Aw,2381,54.53422931541369,26.573605090870608,56.0,33.25,80.0,areia,koppen_l2,%
Bs,267,62.32022471910113,21.201687298661252,64.7,50.75,78.525,areia,koppen_l2,%
Cf,3085,37.71651539708266,25.5279376410961,34.0,14.0,59.0,areia,koppen_l2,%
Cs,1,76.0,,76.0,76.0,76.0,areia,koppen_l2,%
Cw,1001,37.31668331668332,21.7942997453144,37.0,18.0,53.35,areia,koppen_l2,%
Af,538,30.320724907063195,20.1508007251472,27.375,12.575,46.7875,silte,koppen_l2,%
Am,4260,13.99712441314554,11.80514741890485,10.0,7.0,17.0,silte,koppen_l2,%
As,529,19.15992438563327,12.935069885733784,17.0,9.0,26.0,silte,koppen_l2,%
Aw,2381,17.295023099538007,13.290113348843065,14.0,7.1000000000000005,24.0,silte,koppen_l2,%
Bs,267,19.06741573033708,12.430881312832836,16.5,10.0,26.0,silte,koppen_l2,%
Cf,3085,27.57294975688817,13.454155660080822,26.6,18.0,36.05,silte,koppen_l2,%
Cs,1,5.0,,5.0,5.0,5.0,silte,koppen_l2,%
Cw,1001,19.455494505494507,13.55175356845821,15.0,10.0,25.5,silte,koppen_l2,%
Af,538,26.67100371747212,16.508402727987,24.0,14.5,35.9,argila,koppen_l2,%
Am,4260,32.96661971830986,19.53853570241842,28.5,18.0,45.1,argila,koppen_l2,%
As,529,22.330907372400755,15.715813798266463,18.5,11.0,31.0,argila,koppen_l2,%
Aw,2381,28.16862662746745,19.30005079465027,24.0,11.0,42.0,argila,koppen_l2,%
Bs,267,18.623595505617978,13.115171772903386,16.0,7.025,28.0,argila,koppen_l2,%
Cf,3085,34.70893030794166,20.60375523355849,30.7,16.7,52.0,argila,koppen_l2,%
Cs,1,19.0,,19.0,19.0,19.0,argila,koppen_l2,%
Cw,1001,43.22727272727273,20.294062196971453,43.0,27.85,57.0,argila,koppen_l2,%
Bsh,267,62.32022471910113,21.201687298661252,64.7,50.75,78.525,areia,koppen_l3,%
Cfa,2301,43.06025641025641,25.671851002425743,42.5,19.8,64.0,areia,koppen_l3,%
Cfb,784,22.032908163265304,17.339496434867986,16.15,7.924999999999999,34.0,areia,koppen_l3,%
Csa,1,76.0,,76.0,76.0,76.0,areia,koppen_l3,%
Cwa,411,39.35170316301703,23.67867383645327,38.6,18.0,59.0,areia,koppen_l3,%
Cwb,590,35.89906779661017,20.27925194382595,37.0,18.0,49.650000000000006,areia,koppen_l3,%
Bsh,267,19.06741573033708,12.430881312832836,16.5,10.0,26.0,silte,koppen_l3,%
Cfa,2301,26.47729248152977,13.948844132137902,24.4,16.0,35.2,silte,koppen_l3,%
Cfb,784,30.788647959183677,11.293548829680333,31.0,23.1,37.5,silte,koppen_l3,%
Csa,1,5.0,,5.0,5.0,5.0,silte,koppen_l3,%
Cwa,411,18.30133819951338,13.06206962311106,14.0,9.475,24.0,silte,koppen_l3,%
Cwb,590,20.25949152542373,13.836783047588776,16.05,11.0,26.0,silte,koppen_l3,%
Bsh,267,18.623595505617978,13.115171772903386,16.0,7.025,28.0,argila,koppen_l3,%
Cfa,2301,30.461473272490224,19.93279449970967,24.45,15.0,44.0,argila,koppen_l3,%
Cfb,784,47.175,17.214297459874366,48.0,32.2125,61.0,argila,koppen_l3,%
Csa,1,19.0,,19.0,19.0,19.0,argila,koppen_l3,%
Cwa,411,42.34756690997567,19.705250790075738,42.0,26.0,56.0,argila,koppen_l3,%
Cwb,590,43.84008474576272,20.6888007439703,43.45,29.0,59.0,argila,koppen_l3,%
Subtropical_Zone,3669,37.1420278004906,24.375383168496125,34.7,15.0,56.1,areia,HLZ_L1,%
Tropical_Zone,8384,52.89796040076336,25.287000933564784,55.675,33.875,73.69999999999999,areia,HLZ_L1,%
Subtropical_Zone,3669,26.504647042790957,13.799714066110642,25.05,16.0,35.0,silte,HLZ_L1,%
Tropical_Zone,8384,16.638835877862597,13.643897755649563,12.1,7.15,22.0,silte,HLZ_L1,%
Subtropical_Zone,3669,36.35121286454075,20.69726670340862,33.8,19.0,53.0,argila,HLZ_L1,%
Tropical_Zone,8384,30.46139074427481,19.51619800662145,26.5,14.7,42.66250000000001,argila,HLZ_L1,%
Subtropical_Dry_forest,233,39.01759656652361,22.31444250252757,37.0,21.0,53.95,areia,HLZ_L2,%
Subtropical_Moist_forest,3333,37.545994599459945,24.456462185390198,35.0,15.0,57.0,areia,HLZ_L2,%
Subtropical_Thorn_steppe,4,60.0,22.686266036231405,53.0,45.0,68.0,areia,HLZ_L2,%
Subtropical_Wet_forest,99,18.20404040404041,17.618691774223354,8.95,6.0,27.7,areia,HLZ_L2,%
Tropical_Desert_bush,47,63.03404255319149,22.02105737890681,66.19999999999999,54.0,79.5,areia,HLZ_L2,%
Tropical_Dry_forest,5165,52.84757986447241,24.88853396092875,55.05,34.0,73.0,areia,HLZ_L2,%
Tropical_Moist_forest,145,35.51724137931034,26.457790925746203,35.8,9.6,57.0,areia,HLZ_L2,%
Tropical_Thorn_steppe,502,60.08326693227092,21.865217890012133,63.7,45.625,77.22500000000001,areia,HLZ_L2,%
Tropical_Very_dry_forest,2525,52.38192079207921,26.13291002935344,55.05,31.6,74.5,areia,HLZ_L2,%
Subtropical_Dry_forest,233,17.47145922746781,13.407674028759688,13.8,9.0,22.0,silte,HLZ_L2,%
Subtropical_Moist_forest,3333,27.056315631563155,13.696232587161306,26.0,16.7,36.0,silte,HLZ_L2,%
Subtropical_Thorn_steppe,4,13.75,9.03234926989282,13.0,6.0,20.75,silte,HLZ_L2,%
Subtropical_Wet_forest,99,29.707070707070702,10.011511257458324,29.0,23.05,35.0,silte,HLZ_L2,%
Tropical_Desert_bush,47,18.61914893617021,12.718877416588516,15.2,8.825,27.0,silte,HLZ_L2,%
Tropical_Dry_forest,5165,14.916534365924491,13.155264914033276,10.15,7.0,18.05,silte,HLZ_L2,%
Tropical_Moist_forest,145,37.78344827586207,19.75817346270589,37.7,21.0,53.8,silte,HLZ_L2,%
Tropical_Thorn_steppe,502,19.58655378486056,12.80807985830749,17.15,10.8875,26.0,silte,HLZ_L2,%
Tropical_Very_dry_forest,2525,18.324732673267327,13.03933511645215,15.0,8.5,25.5,silte,HLZ_L2,%
Subtropical_Dry_forest,233,43.511802575107296,20.77111929426813,43.75,28.0,58.2,argila,HLZ_L2,%
Subtropical_Moist_forest,3333,35.39473447344734,20.493251349342984,32.0,18.0,52.0,argila,HLZ_L2,%
Subtropical_Thorn_steppe,4,26.25,21.577380131362872,25.5,13.25,38.5,argila,HLZ_L2,%
Subtropical_Wet_forest,99,52.10808080808081,17.630154054726905,58.4,37.2,65.5,argila,HLZ_L2,%
Tropical_Desert_bush,47,18.346808510638297,13.490662649529275,16.25,6.7,29.175,argila,HLZ_L2,%
Tropical_Dry_forest,5165,32.233349467570186,19.783428935065263,28.0,16.5,44.85,argila,HLZ_L2,%
Tropical_Moist_forest,145,26.677241379310345,14.724792466126576,26.0,15.5,36.75,argila,HLZ_L2,%
Tropical_Thorn_steppe,502,20.338944223107568,14.396816163637611,17.0,9.0,28.0,argila,HLZ_L2,%
Tropical_Very_dry_forest,2525,29.292039603960397,19.383423939328765,25.0,13.8,42.2,argila,HLZ_L2,%
A,7285,4722.166437886067,6981.499728512332,3600.0,2401.0,5096.0,SOC,koppen_l1,g/m2
B,467,2867.025695931477,1746.5670126881491,2542.0,1655.5,3660.5,SOC,koppen_l1,g/m2
C,4534,5947.042236435818,5940.151052239307,4838.0,3309.75,6873.0,SOC,koppen_l1,g/m2
Af,500,5363.747,5506.764645980746,4408.0,3269.5,6090.5,SOC,koppen_l2,g/m2
Am,4192,4397.431774809161,5698.159520192325,3455.0,2365.25,4897.75,SOC,koppen_l2,g/m2
As,867,4031.171280276817,5215.58878629988,3181.0,2070.5,4488.5,SOC,koppen_l2,g/m2
Aw,1726,5672.102838933952,10148.055812457424,3885.0,2558.0,5704.25,SOC,koppen_l2,g/m2
Bs,467,2867.025695931477,1746.5670126881491,2542.0,1655.5,3660.5,SOC,koppen_l2,g/m2
Cf,3567,5780.104850014018,5011.722743462901,4771.0,3197.0,6934.0,SOC,koppen_l2,g/m2
Cs,1,5970.0,,5970.0,5970.0,5970.0,SOC,koppen_l2,g/m2
Cw,966,6563.442546583851,8511.725117611808,5051.25,3687.0,6651.5,SOC,koppen_l2,g/m2
Bsh,467,2867.025695931477,1746.5670126881491,2542.0,1655.5,3660.5,SOC,koppen_l3,g/m2
Cfa,2596,5005.084745762712,4605.8684411571085,4347.5,2788.0,5939.25,SOC,koppen_l3,g/m2
Cfb,971,7852.146240988672,5447.971242253997,6696.0,4768.0,8877.0,SOC,koppen_l3,g/m2
Csa,1,5970.0,,5970.0,5970.0,5970.0,SOC,koppen_l3,g/m2
Cwa,403,4982.156327543425,2717.4781421591697,4614.0,3360.0,5925.5,SOC,koppen_l3,g/m2
Cwb,563,7695.340142095914,10772.319363698349,5444.0,3940.0,7446.5,SOC,koppen_l3,g/m2
Subtropical_Zone,4057,5952.257333004684,4945.694609750503,4985.0,3432.0,7042.0,SOC,HLZ_L1,g/m2
Tropical_Zone,8225,4684.303100303951,7141.303292311302,3549.0,2345.0,5040.0,SOC,HLZ_L1,g/m2
Subtropical_Dry_forest,251,5495.589641434263,4344.582634147068,4762.0,3481.0,6080.0,SOC,HLZ_L2,g/m2
Subtropical_Moist_forest,3671,5733.609643149006,4649.792731137508,4902.0,3383.0,6927.5,SOC,HLZ_L2,g/m2
Subtropical_Thorn_steppe,5,4750.4,1375.3048025801406,4905.0,3852.0,5215.0,SOC,HLZ_L2,g/m2
Subtropical_Wet_forest,130,13054.476923076923,8042.018784320907,10130.5,6845.75,18345.0,SOC,HLZ_L2,g/m2
Tropical_Desert_bush,44,2645.2727272727275,2040.7152458360615,2220.0,1215.0,3070.0,SOC,HLZ_L2,g/m2
Tropical_Dry_forest,4554,4519.326306543698,5543.303095320598,3622.0,2479.5,5033.5,SOC,HLZ_L2,g/m2
Tropical_Moist_forest,133,5662.691729323308,3054.2472121681863,5006.0,3760.0,6749.0,SOC,HLZ_L2,g/m2
Tropical_Thorn_steppe,873,3005.6174112256585,1739.4585063506888,2739.0,1774.0,3902.0,SOC,HLZ_L2,g/m2
Tropical_Very_dry_forest,2621,5514.66882869134,10165.677480606548,3696.0,2339.0,5452.0,SOC,HLZ_L2,g/m2
