variavel,nivel,classe_1,classe_2,p_holm
areia,koppen_l1,A,B,1.2122218976707116e-08
areia,koppen_l1,A,C,4.6360955158603507e-206
areia,koppen_l1,B,C,1.2687724547743865e-50
silte,koppen_l1,A,B,3.0468987499678537e-06
silte,koppen_l1,A,C,0.0
silte,koppen_l1,B,C,2.725102531216373e-12
argila,koppen_l1,A,B,5.493303411373182e-23
argila,koppen_l1,A,C,4.752118198863752e-58
argila,koppen_l1,B,C,2.0091716886535e-48
areia,koppen_l2,Af,Am,8.815597993664453e-16
areia,koppen_l2,Af,As,4.483692287078873e-21
areia,koppen_l2,Af,Aw,2.3647063610130484e-19
areia,koppen_l2,Af,Bs,4.665479656404747e-22
areia,koppen_l2,Af,Cf,0.0001055739025096
areia,koppen_l2,Af,Cw,0.0001046342133488
areia,koppen_l2,Am,As,2.9985379421156167e-05
areia,koppen_l2,Am,Aw,0.0507683590680401
areia,koppen_l2,Am,Bs,8.981819103274516e-08
areia,koppen_l2,Am,Cf,2.6288243766188777e-131
areia,koppen_l2,Am,Cw,2.300863356613513e-66
areia,koppen_l2,As,Aw,0.0068152060941277
areia,koppen_l2,As,Bs,0.0924603114532969
areia,koppen_l2,As,Cf,3.2293829743373105e-62
areia,koppen_l2,As,Cw,1.298092576900633e-51
areia,koppen_l2,Aw,Bs,2.58855539998568e-05
areia,koppen_l2,Aw,Cf,1.3465629800843756e-120
areia,koppen_l2,Aw,Cw,8.829824616888473e-70
areia,koppen_l2,Bs,Cf,4.6327060779224775e-48
areia,koppen_l2,Bs,Cw,4.647421647585625e-44
areia,koppen_l2,Cf,Cw,0.3952014994545538
silte,koppen_l2,Af,Am,7.589399092158734e-97
silte,koppen_l2,Af,As,1.5726818230903802e-15
silte,koppen_l2,Af,Aw,5.1993216652033964e-46
silte,koppen_l2,Af,Bs,5.372093933230483e-10
silte,koppen_l2,Af,Cf,0.1084858552012736
silte,koppen_l2,Af,Cw,1.7518256052821522e-18
silte,koppen_l2,Am,As,5.020311276791563e-22
silte,koppen_l2,Am,Aw,2.168669522539416e-25
silte,koppen_l2,Am,Bs,5.633112782705174e-13
silte,koppen_l2,Am,Cf,0.0
silte,koppen_l2,Am,Cw,4.232015953327065e-41
silte,koppen_l2,As,Aw,0.0007793531096778
silte,koppen_l2,As,Bs,1.0
silte,koppen_l2,As,Cf,4.604566020994444e-37
silte,koppen_l2,As,Cw,1.0
silte,koppen_l2,Aw,Bs,0.0094479411965387
silte,koppen_l2,Aw,Cf,3.3470839572945463e-184
silte,koppen_l2,Aw,Cw,3.190066291859888e-07
silte,koppen_l2,Bs,Cf,2.0778475675445288e-19
silte,koppen_l2,Bs,Cw,1.0
silte,koppen_l2,Cf,Cw,3.2657328021674465e-57
argila,koppen_l2,Af,Am,5.756414024688002e-10
argila,koppen_l2,Af,As,7.257205099390895e-05
argila,koppen_l2,Af,Aw,0.5643832331594594
argila,koppen_l2,Af,Bs,4.900943333978918e-09
argila,koppen_l2,Af,Cf,6.570358392364263e-14
argila,koppen_l2,Af,Cw,9.878587888444066e-48
argila,koppen_l2,Am,As,8.271412378826233e-33
argila,koppen_l2,Am,Aw,5.5682652099630925e-25
argila,koppen_l2,Am,Bs,4.302060220562371e-32
argila,koppen_l2,Am,Cf,0.0152977852511914
argila,koppen_l2,Am,Cw,7.416357397839845e-43
argila,koppen_l2,As,Aw,8.049990175264043e-09
argila,koppen_l2,As,Bs,0.0171719292717426
argila,koppen_l2,As,Cf,3.659430655042084e-39
argila,koppen_l2,As,Cw,1.7015484451004493e-83
argila,koppen_l2,Aw,Bs,3.480151106794805e-13
argila,koppen_l2,Aw,Cf,1.0526777650335913e-33
argila,koppen_l2,Aw,Cw,6.09594861730358e-89
argila,koppen_l2,Bs,Cf,6.358312041289644e-37
argila,koppen_l2,Bs,Cw,6.971427087233838e-72
argila,koppen_l2,Cf,Cw,3.278652690098887e-30
areia,koppen_l3,Bsh,Cfa,9.653558719048601e-29
areia,koppen_l3,Bsh,Cfb,2.152031305272104e-109
areia,koppen_l3,Bsh,Cwa,1.813603407028425e-27
areia,koppen_l3,Bsh,Cwb,2.33700681282702e-39
areia,koppen_l3,Cfa,Cfb,1.8762922922723333e-93
areia,koppen_l3,Cfa,Cwa,0.0246694209781102
areia,koppen_l3,Cfa,Cwb,1.7515390613577127e-07
areia,koppen_l3,Cfb,Cwa,2.827486500633127e-31
areia,koppen_l3,Cfb,Cwb,1.1179417792249462e-27
areia,koppen_l3,Cwa,Cwb,0.070329286249365
silte,koppen_l3,Bsh,Cfa,2.7355795859302297e-18
silte,koppen_l3,Bsh,Cfb,7.796458965916477e-40
silte,koppen_l3,Bsh,Cwa,0.6275594895392458
silte,koppen_l3,Bsh,Cwb,0.6275594895392458
silte,koppen_l3,Cfa,Cfb,9.354869808984428e-19
silte,koppen_l3,Cfa,Cwa,2.2734759102182437e-33
silte,koppen_l3,Cfa,Cwb,7.471266198048573e-29
silte,koppen_l3,Cfb,Cwa,1.042372436000782e-62
silte,koppen_l3,Cfb,Cwb,1.3216312462537918e-59
silte,koppen_l3,Cwa,Cwb,0.1222496936105216
argila,koppen_l3,Bsh,Cfa,7.644000151624684e-19
argila,koppen_l3,Bsh,Cfb,4.984529185465408e-89
argila,koppen_l3,Bsh,Cwa,9.55756941363047e-50
argila,koppen_l3,Bsh,Cwb,7.013541488157299e-62
argila,koppen_l3,Cfa,Cfb,3.3549899389968304e-91
argila,koppen_l3,Cfa,Cwa,8.873008144535753e-28
argila,koppen_l3,Cfa,Cwb,2.416799569836076e-44
argila,koppen_l3,Cfb,Cwa,0.000126017180408
argila,koppen_l3,Cfb,Cwb,0.0008703440956217
argila,koppen_l3,Cwa,Cwb,0.368950220323509
areia,HLZ_L1,Subtropical_Zone,Tropical_Zone,1.1835986003213304e-203
silte,HLZ_L1,Subtropical_Zone,Tropical_Zone,0.0
argila,HLZ_L1,Subtropical_Zone,Tropical_Zone,3.5561521173949137e-48
areia,HLZ_L2,Subtropical_Dry_forest,Subtropical_Moist_forest,1.0
areia,HLZ_L2,Subtropical_Dry_forest,Subtropical_Wet_forest,2.8256163926138596e-09
areia,HLZ_L2,Subtropical_Dry_forest,Tropical_Desert_bush,3.4255993223157865e-08
areia,HLZ_L2,Subtropical_Dry_forest,Tropical_Dry_forest,1.2066006352635432e-14
areia,HLZ_L2,Subtropical_Dry_forest,Tropical_Moist_forest,1.0
areia,HLZ_L2,Subtropical_Dry_forest,Tropical_Thorn_steppe,7.482747643834134e-24
areia,HLZ_L2,Subtropical_Dry_forest,Tropical_Very_dry_forest,2.277475344283997e-13
areia,HLZ_L2,Subtropical_Moist_forest,Subtropical_Wet_forest,2.573813818569065e-11
areia,HLZ_L2,Subtropical_Moist_forest,Tropical_Desert_bush,2.9060937664650575e-10
areia,HLZ_L2,Subtropical_Moist_forest,Tropical_Dry_forest,1.717220490803761e-150
areia,HLZ_L2,Subtropical_Moist_forest,Tropical_Moist_forest,1.0
areia,HLZ_L2,Subtropical_Moist_forest,Tropical_Thorn_steppe,2.114742509591878e-71
areia,HLZ_L2,Subtropical_Moist_forest,Tropical_Very_dry_forest,7.24444678057802e-102
areia,HLZ_L2,Subtropical_Wet_forest,Tropical_Desert_bush,1.332650652894531e-20
areia,HLZ_L2,Subtropical_Wet_forest,Tropical_Dry_forest,2.299741259545966e-36
areia,HLZ_L2,Subtropical_Wet_forest,Tropical_Moist_forest,5.304274571285015e-06
areia,HLZ_L2,Subtropical_Wet_forest,Tropical_Thorn_steppe,1.2735998806345615e-45
areia,HLZ_L2,Subtropical_Wet_forest,Tropical_Very_dry_forest,6.18590915469015e-35
areia,HLZ_L2,Tropical_Desert_bush,Tropical_Dry_forest,0.0373163100972631
areia,HLZ_L2,Tropical_Desert_bush,Tropical_Moist_forest,3.829575262107368e-09
areia,HLZ_L2,Tropical_Desert_bush,Tropical_Thorn_steppe,1.0
areia,HLZ_L2,Tropical_Desert_bush,Tropical_Very_dry_forest,0.03382164811945
areia,HLZ_L2,Tropical_Dry_forest,Tropical_Moist_forest,1.350931730062179e-13
areia,HLZ_L2,Tropical_Dry_forest,Tropical_Thorn_steppe,1.9183279689640518e-08
areia,HLZ_L2,Tropical_Dry_forest,Tropical_Very_dry_forest,1.0
areia,HLZ_L2,Tropical_Moist_forest,Tropical_Thorn_steppe,7.00260560303669e-22
areia,HLZ_L2,Tropical_Moist_forest,Tropical_Very_dry_forest,9.946344240909652e-13
areia,HLZ_L2,Tropical_Thorn_steppe,Tropical_Very_dry_forest,1.8008057586950743e-08
silte,HLZ_L2,Subtropical_Dry_forest,Subtropical_Moist_forest,2.903683528144088e-25
silte,HLZ_L2,Subtropical_Dry_forest,Subtropical_Wet_forest,1.6956516670842965e-15
silte,HLZ_L2,Subtropical_Dry_forest,Tropical_Desert_bush,1.0
silte,HLZ_L2,Subtropical_Dry_forest,Tropical_Dry_forest,0.0013246964462877
silte,HLZ_L2,Subtropical_Dry_forest,Tropical_Moist_forest,2.9071024856003255e-23
silte,HLZ_L2,Subtropical_Dry_forest,Tropical_Thorn_steppe,0.0704377237952297
silte,HLZ_L2,Subtropical_Dry_forest,Tropical_Very_dry_forest,1.0
silte,HLZ_L2,Subtropical_Moist_forest,Subtropical_Wet_forest,0.0681532080532538
silte,HLZ_L2,Subtropical_Moist_forest,Tropical_Desert_bush,0.0003268891626888
silte,HLZ_L2,Subtropical_Moist_forest,Tropical_Dry_forest,0.0
silte,HLZ_L2,Subtropical_Moist_forest,Tropical_Moist_forest,0.0002788428730649
silte,HLZ_L2,Subtropical_Moist_forest,Tropical_Thorn_steppe,4.725270497588043e-26
silte,HLZ_L2,Subtropical_Moist_forest,Tropical_Very_dry_forest,2.005186060172849e-132
silte,HLZ_L2,Subtropical_Wet_forest,Tropical_Desert_bush,7.446779027245365e-06
silte,HLZ_L2,Subtropical_Wet_forest,Tropical_Dry_forest,1.4221023968431743e-33
silte,HLZ_L2,Subtropical_Wet_forest,Tropical_Moist_forest,1.0
silte,HLZ_L2,Subtropical_Wet_forest,Tropical_Thorn_steppe,9.208297693470969e-12
silte,HLZ_L2,Subtropical_Wet_forest,Tropical_Very_dry_forest,3.886832153547826e-18
silte,HLZ_L2,Tropical_Desert_bush,Tropical_Dry_forest,0.075340952155241
silte,HLZ_L2,Tropical_Desert_bush,Tropical_Moist_forest,9.693305924627647e-08
silte,HLZ_L2,Tropical_Desert_bush,Tropical_Thorn_steppe,1.0
silte,HLZ_L2,Tropical_Desert_bush,Tropical_Very_dry_forest,1.0
silte,HLZ_L2,Tropical_Dry_forest,Tropical_Moist_forest,1.908609277175313e-55
silte,HLZ_L2,Tropical_Dry_forest,Tropical_Thorn_steppe,1.4539077641343541e-21
silte,HLZ_L2,Tropical_Dry_forest,Tropical_Very_dry_forest,1.5143612217775954e-40
silte,HLZ_L2,Tropical_Moist_forest,Tropical_Thorn_steppe,2.225370278644906e-19
silte,HLZ_L2,Tropical_Moist_forest,Tropical_Very_dry_forest,7.960625580591312e-31
silte,HLZ_L2,Tropical_Thorn_steppe,Tropical_Very_dry_forest,0.0681532080532538
argila,HLZ_L2,Subtropical_Dry_forest,Subtropical_Moist_forest,1.5652372996279686e-07
argila,HLZ_L2,Subtropical_Dry_forest,Subtropical_Wet_forest,0.0048882547023873
argila,HLZ_L2,Subtropical_Dry_forest,Tropical_Desert_bush,3.84005562698045e-14
argila,HLZ_L2,Subtropical_Dry_forest,Tropical_Dry_forest,2.3409674575468963e-14
argila,HLZ_L2,Subtropical_Dry_forest,Tropical_Moist_forest,1.628635106711528e-11
argila,HLZ_L2,Subtropical_Dry_forest,Tropical_Thorn_steppe,8.074172617854961e-47
argila,HLZ_L2,Subtropical_Dry_forest,Tropical_Very_dry_forest,1.371629118173552e-22
argila,HLZ_L2,Subtropical_Moist_forest,Subtropical_Wet_forest,3.382229132121118e-13
argila,HLZ_L2,Subtropical_Moist_forest,Tropical_Desert_bush,2.0192976558886126e-08
argila,HLZ_L2,Subtropical_Moist_forest,Tropical_Dry_forest,1.0865062342404812e-10
argila,HLZ_L2,Subtropical_Moist_forest,Tropical_Moist_forest,0.0001097793141763
argila,HLZ_L2,Subtropical_Moist_forest,Tropical_Thorn_steppe,2.5293698956855406e-57
argila,HLZ_L2,Subtropical_Moist_forest,Tropical_Very_dry_forest,5.037201636178342e-30
argila,HLZ_L2,Subtropical_Wet_forest,Tropical_Desert_bush,1.306018234723523e-19
argila,HLZ_L2,Subtropical_Wet_forest,Tropical_Dry_forest,8.931381151179981e-19
argila,HLZ_L2,Subtropical_Wet_forest,Tropical_Moist_forest,2.4200080543314293e-17
argila,HLZ_L2,Subtropical_Wet_forest,Tropical_Thorn_steppe,7.639923525410612e-44
argila,HLZ_L2,Subtropical_Wet_forest,Tropical_Very_dry_forest,6.698908304489292e-25
argila,HLZ_L2,Tropical_Desert_bush,Tropical_Dry_forest,5.416993097274988e-06
argila,HLZ_L2,Tropical_Desert_bush,Tropical_Moist_forest,0.0087538239406565
argila,HLZ_L2,Tropical_Desert_bush,Tropical_Thorn_steppe,0.9455797718166984
argila,HLZ_L2,Tropical_Desert_bush,Tropical_Very_dry_forest,0.0005556473863867
argila,HLZ_L2,Tropical_Dry_forest,Tropical_Moist_forest,0.0298133622497839
argila,HLZ_L2,Tropical_Dry_forest,Tropical_Thorn_steppe,5.3436378550078727e-39
argila,HLZ_L2,Tropical_Dry_forest,Tropical_Very_dry_forest,1.694206944957566e-09
argila,HLZ_L2,Tropical_Moist_forest,Tropical_Thorn_steppe,0.0001219303579927
argila,HLZ_L2,Tropical_Moist_forest,Tropical_Very_dry_forest,0.9455797718166984
argila,HLZ_L2,Tropical_Thorn_steppe,Tropical_Very_dry_forest,2.940359169566994e-20
SOC,koppen_l1,A,B,1.8099491672944632e-30
SOC,koppen_l1,A,C,1.7570174752609623e-150
SOC,koppen_l1,B,C,8.264240195553127e-102
SOC,koppen_l2,Af,Am,6.110467015655157e-18
SOC,koppen_l2,Af,As,2.452988493782719e-23
SOC,koppen_l2,Af,Aw,4.773424365971657e-05
SOC,koppen_l2,Af,Bs,2.71975563488128e-44
SOC,koppen_l2,Af,Cf,0.0297072722068859
SOC,koppen_l2,Af,Cw,7.839748787015186e-05
SOC,koppen_l2,Am,As,0.0001373100022101
SOC,koppen_l2,Am,Aw,6.117901357132877e-11
SOC,koppen_l2,Am,Bs,8.470112346647946e-23
SOC,koppen_l2,Am,Cf,1.0287891730601262e-115
SOC,koppen_l2,Am,Cw,4.908561804960014e-74
SOC,koppen_l2,As,Aw,5.789361966961005e-16
SOC,koppen_l2,As,Bs,2.196957115501992e-08
SOC,koppen_l2,As,Cf,4.76119280632055e-70
SOC,koppen_l2,As,Cw,1.569067194964875e-65
SOC,koppen_l2,Aw,Bs,2.3969024222365657e-38
SOC,koppen_l2,Aw,Cf,4.419146238670303e-28
SOC,koppen_l2,Aw,Cw,3.076121811122217e-29
SOC,koppen_l2,Bs,Cf,3.910495930535464e-93
SOC,koppen_l2,Bs,Cw,1.2647351128248463e-90
SOC,koppen_l2,Cf,Cw,0.0005829472310803
SOC,koppen_l3,Bsh,Cfa,1.1783862788697602e-50
SOC,koppen_l3,Bsh,Cfb,1.5876439902694006e-168
SOC,koppen_l3,Bsh,Cwa,3.783290890287742e-38
SOC,koppen_l3,Bsh,Cwb,2.2417022593711585e-85
SOC,koppen_l3,Cfa,Cfb,2.12268038911893e-100
SOC,koppen_l3,Cfa,Cwa,0.0164352279981173
SOC,koppen_l3,Cfa,Cwb,9.635680074704189e-24
SOC,koppen_l3,Cfb,Cwa,2.070330196188489e-29
SOC,koppen_l3,Cfb,Cwb,1.2904475246728774e-09
SOC,koppen_l3,Cwa,Cwb,2.5076352457358824e-07
SOC,HLZ_L1,Subtropical_Zone,Tropical_Zone,6.16108837347698e-191
SOC,HLZ_L2,Subtropical_Dry_forest,Subtropical_Moist_forest,0.5432203958225253
SOC,HLZ_L2,Subtropical_Dry_forest,Subtropical_Wet_forest,8.828998335920386e-18
SOC,HLZ_L2,Subtropical_Dry_forest,Tropical_Desert_bush,1.0296871682888615e-11
SOC,HLZ_L2,Subtropical_Dry_forest,Tropical_Dry_forest,1.0296871682888615e-11
SOC,HLZ_L2,Subtropical_Dry_forest,Tropical_Moist_forest,0.5432203958225253
SOC,HLZ_L2,Subtropical_Dry_forest,Tropical_Thorn_steppe,8.961495281823349e-38
SOC,HLZ_L2,Subtropical_Dry_forest,Tropical_Very_dry_forest,1.4584786863353015e-09
SOC,HLZ_L2,Subtropical_Moist_forest,Subtropical_Wet_forest,1.3365060097309357e-23
SOC,HLZ_L2,Subtropical_Moist_forest,Tropical_Desert_bush,1.8246624257545592e-14
SOC,HLZ_L2,Subtropical_Moist_forest,Tropical_Dry_forest,1.2394216385239857e-114
SOC,HLZ_L2,Subtropical_Moist_forest,Tropical_Moist_forest,0.5432203958225253
SOC,HLZ_L2,Subtropical_Moist_forest,Tropical_Thorn_steppe,5.3868655154388485e-148
SOC,HLZ_L2,Subtropical_Moist_forest,Tropical_Very_dry_forest,8.440494273180405e-73
SOC,HLZ_L2,Subtropical_Wet_forest,Tropical_Desert_bush,4.4141236358351206e-33
SOC,HLZ_L2,Subtropical_Wet_forest,Tropical_Dry_forest,1.7642925385574479e-56
SOC,HLZ_L2,Subtropical_Wet_forest,Tropical_Moist_forest,3.228523898911118e-10
SOC,HLZ_L2,Subtropical_Wet_forest,Tropical_Thorn_steppe,2.724860672851821e-89
SOC,HLZ_L2,Subtropical_Wet_forest,Tropical_Very_dry_forest,3.4340049396956176e-52
SOC,HLZ_L2,Tropical_Desert_bush,Tropical_Dry_forest,1.9087746323660335e-05
SOC,HLZ_L2,Tropical_Desert_bush,Tropical_Moist_forest,5.961045643669788e-13
SOC,HLZ_L2,Tropical_Desert_bush,Tropical_Thorn_steppe,0.5243354527120767
SOC,HLZ_L2,Tropical_Desert_bush,Tropical_Very_dry_forest,6.109976408191136e-06
SOC,HLZ_L2,Tropical_Dry_forest,Tropical_Moist_forest,5.3436859776034925e-11
SOC,HLZ_L2,Tropical_Dry_forest,Tropical_Thorn_steppe,3.879618449877335e-36
SOC,HLZ_L2,Tropical_Dry_forest,Tropical_Very_dry_forest,0.4355648800593636
SOC,HLZ_L2,Tropical_Moist_forest,Tropical_Thorn_steppe,6.953955163351927e-30
SOC,HLZ_L2,Tropical_Moist_forest,Tropical_Very_dry_forest,1.546459338626958e-09
SOC,HLZ_L2,Tropical_Thorn_steppe,Tropical_Very_dry_forest,3.14024301385553e-38
