resposta,cenario,descricao,r2,rmse,delta_r2_vs_A,delta_r2_min,delta_r2_max,delta_rmse_vs_A,delta_rmse_pct_vs_A
areia,A,Köppen IPEF (hoje),0.3452432325806673,21.06481856356176,0.0,0.0,0.0,0.0,0.0
areia,B,Sem clima,0.33665045209882366,21.202578454857598,-0.008592780481843643,-0.011959238334573019,-0.0060629538864716,0.1377598912958362,0.6540902438309331
areia,C,Holdridge ETH,0.33671604581615844,21.201673847333595,-0.008527186764508846,-0.011790453883014806,-0.004195566618722446,0.13685528377183212,0.6506051292035038
areia,D,Thornthwaite L2,0.342694783095957,21.10608830742601,-0.0025484494847102987,-0.006909133363186104,0.001192509053094759,0.04126974386424701,0.19775115149395228
areia,E,Clima contínuo,0.3540193857275858,20.92306661099337,0.008776153146918486,0.0075772549578264625,0.009554301417062372,-0.141751952568395,-0.6733922472342131
areia,F1,Zonas k-means (covariável),0.3518831012478015,20.957888394728066,0.0066398686671341745,0.0023415315071161347,0.012811779487169384,-0.10693016883369921,-0.5063365791690311
areia,F2,Zonas k-means (um RF por zona),0.322647504776499,21.425558691152276,-0.022595727804168336,-0.030774966237613888,-0.01570825209790838,0.3607401275905093,1.7153670504449565
areia,F3,Zonas supervisionadas (covariável),0.3497231045137368,20.992621978128593,0.004479871933069461,-0.004162181926710584,0.016577976663042504,-0.07219658543316972,-0.34047143276602077
areia,F4,Zonas supervisionadas (um RF por zona),0.3159731334947347,21.529777946814587,-0.029270099085932588,-0.050498232693054645,-0.005205217251889049,0.46495938325282066,2.2136527155800723
argila,A,Köppen IPEF (hoje),0.32782574760862654,16.4510491428531,0.0,0.0,0.0,0.0,0.0
argila,B,Sem clima,0.32929764200813744,16.433122856775384,0.0014718943995108609,-0.0034273059684636342,0.006538095009408718,-0.017926286077718363,-0.10794740675165541
argila,C,Holdridge ETH,0.3272988754917265,16.457704248604497,-0.0005268721169000937,-0.0029323573182717944,0.001820544889342468,0.006655105751397865,0.04183338542577501
argila,D,Thornthwaite L2,0.3273777282441688,16.45678381434339,-0.00044801936445778195,-0.006457036416018358,0.00798588818153112,0.005734671490287724,0.0374192622963639
argila,E,Clima contínuo,0.33187158797324,16.40198789254754,0.004045840364613455,-0.004773678531650893,0.008971743976131652,-0.04906125030555586,-0.29394777289422824
argila,F1,Zonas k-means (covariável),0.33283129312454574,16.39015851178672,0.005005545515919178,-0.0012132378917272257,0.014063565837143854,-0.06089063106638193,-0.3660596488487341
argila,F2,Zonas k-means (um RF por zona),0.29840076642286756,16.807946040716953,-0.02942498118575902,-0.04049292072797406,-0.01595462356104238,0.35689689786384804,2.176528448605815
argila,F3,Zonas supervisionadas (covariável),0.32894591114285326,16.437909338273474,0.0011201635342267258,-0.014431908251326453,0.021848197757160293,-0.013139804579624345,-0.06992663813801445
argila,F4,Zonas supervisionadas (um RF por zona),0.2916088976140477,16.887338201333307,-0.036216849994578894,-0.05962078864230691,0.005953948542229082,0.43628905848020477,2.6692543989785045
log_soc,A,Köppen IPEF (hoje),0.17359226108032547,0.6261672456482922,0.0,0.0,0.0,0.0,0.0
log_soc,B,Sem clima,0.1805328251301306,0.6235311396560371,0.006940564049805142,0.004793276804264113,0.008361226383919229,-0.0026361059922550556,-0.4211270101092642
log_soc,C,Holdridge ETH,0.17622515359220206,0.6251655969079685,0.0026328925118765945,-0.0003854234265605605,0.007773327748140546,-0.001001648740323639,-0.16025857360762635
log_soc,D,Thornthwaite L2,0.18924032949869382,0.6202084606346557,0.015648068418368338,0.013122875821123259,0.019402828270114192,-0.005958785013636447,-0.9518374986724291
log_soc,E,Clima contínuo,0.19927374632532283,0.6163603475177672,0.02568148524499736,0.01800744018430278,0.03281050050310874,-0.009806898130524933,-1.5656069751903219
log_soc,F1,Zonas k-means (covariável),0.19215401810779675,0.6190923671810623,0.018561757027471277,0.013870526336801414,0.02356937771324663,-0.007074878467229799,-1.1300230807282596
log_soc,F2,Zonas k-means (um RF por zona),0.16927360074057599,0.6277997506761758,-0.0043186603397494805,-0.006006870566059197,-0.0016322680925305866,0.0016325050278836277,0.26054327548528844
log_soc,F3,Zonas supervisionadas (covariável),0.18466904126779513,0.6219551905220525,0.01107678018746964,0.005626353644499149,0.014857585630541736,-0.004212055126239678,-0.6726183229297893
log_soc,F4,Zonas supervisionadas (um RF por zona),0.16345220917560874,0.6299956455301082,-0.010140051904716748,-0.01311527497881293,-0.008424681949508739,0.003828399881816047,0.611251160796078
silte,A,Köppen IPEF (hoje),0.34670793819751405,11.637618435480475,0.0,0.0,0.0,0.0,0.0
silte,B,Sem clima,0.3435668473693565,11.665601018440427,-0.003141090828157648,-0.00971323826259407,0.0033746956920331916,0.027982582959953223,0.2416174702750388
silte,C,Holdridge ETH,0.34241826191743446,11.675795657594051,-0.004289676280079628,-0.00601481434879636,-0.0021918975942482044,0.038177222113577734,0.3283997629145663
silte,D,Thornthwaite L2,0.3516245515767702,11.593732748366877,0.004916613379256122,-0.0018521116886656142,0.010300274704573509,-0.04388568711359753,-0.3764421403656367
silte,E,Clima contínuo,0.37545648332551734,11.378673666109682,0.028748545128003178,0.019403650547065943,0.037454494123592585,-0.25894476937079247,-2.2234645105723523
silte,F1,Zonas k-means (covariável),0.3733989788677672,11.397408219872153,0.026691040670253113,0.020234551569966786,0.031137112683256474,-0.24021021560832287,-2.0634008605453764
silte,F2,Zonas k-means (um RF por zona),0.3534901155951163,11.577088276199673,0.006782177397602229,-0.00019473066194952704,0.013030865061670949,-0.060530159280801854,-0.5189562736579185
silte,F3,Zonas supervisionadas (covariável),0.3606731878458939,11.51257497083641,0.013965249648379826,0.010148748916784411,0.01691425267687241,-0.12504346464406582,-1.0741067534675373
silte,F4,Zonas supervisionadas (um RF por zona),0.34768986398945284,11.62880732256118,0.0009819257919387498,-0.0016700852995450433,0.002935623609451432,-0.008811112919294336,-0.07613270133063343
