classe,n_classe,n_total,r_pb,p,p_holm,variavel_pt,nivel
koppen_l1_C,4087,12062,-0.2881487229918119,2.5325436003234264e-229,7.597630800970277e-229,areia,koppen_l1
koppen_l1_A,7708,12062,0.2588103885872986,7.626345515224854e-184,1.5252691030449709e-183,areia,koppen_l1
koppen_l1_B,267,12062,0.0821256257681276,1.6558378277958108e-19,1.6558378277958108e-19,areia,koppen_l1
koppen_l1_C,4087,12062,0.2948951647625842,1.3667019349227135e-240,4.100105804768141e-240,silte,koppen_l1
koppen_l1_A,7708,12062,-0.2887887096757147,2.227841961531912e-230,4.455683923063824e-230,silte,koppen_l1
koppen_l1_B,267,12062,-0.0059666990267721,0.5123110624571645,0.5123110624571645,silte,koppen_l1
koppen_l1_C,4087,12062,0.1620109161446483,9.891446290515313e-72,2.967433887154594e-71,argila,koppen_l1
koppen_l1_A,7708,12062,-0.1283572156477361,1.758600032804168e-45,3.517200065608336e-45,argila,koppen_l1
koppen_l1_B,267,12062,-0.1021873810072711,2.28341582243909e-29,2.28341582243909e-29,argila,koppen_l1
koppen_l2_Cf,3085,12061,-0.2339302309140891,1.330854891558681e-149,9.315984240910763e-149,areia,koppen_l2
koppen_l2_Am,4260,12061,0.1398591845516331,9.666428153585116e-54,5.79985689215107e-53,areia,koppen_l2
koppen_l2_Cw,1001,12061,-0.1246636796569461,5.601807150620833e-43,2.8009035753104162e-42,areia,koppen_l2
koppen_l2_Aw,2381,12061,0.1224513950005989,1.6209335140642158e-41,6.483734056256863e-41,areia,koppen_l2
koppen_l2_As,529,12061,0.0855849412261094,4.70997921516858e-21,1.4129937645505734e-20,areia,koppen_l2
koppen_l2_Bs,267,12061,0.0821429741225384,1.6326843945978238e-19,3.265368789195648e-19,areia,koppen_l2
koppen_l2_Af,538,12061,-0.0423664957385717,3.249168305380737e-06,3.249168305380737e-06,areia,koppen_l2
koppen_l2_Cf,3085,12061,0.3225066769391574,5.790539798030374e-290,4.053377858621262e-289,silte,koppen_l2
koppen_l2_Am,4260,12061,-0.2892087483883647,4.704397942920503e-231,2.8226387657523013e-230,silte,koppen_l2
koppen_l2_Af,538,12061,0.1600419063206221,5.140923330801706e-70,2.5704616654008526e-69,silte,koppen_l2
koppen_l2_Aw,2381,12061,-0.0806703630071013,7.121874934771635e-19,2.848749973908654e-18,silte,koppen_l2
koppen_l2_As,529,12061,-0.0071378093599521,0.4331449110539326,1.0,silte,koppen_l2
koppen_l2_Bs,267,12061,-0.0059796245918031,0.511415232101583,1.0,silte,koppen_l2
koppen_l2_Cw,1001,12061,-0.0038594498366636,0.6717026322901253,1.0,silte,koppen_l2
koppen_l2_Cw,1001,12061,0.164564795158017,5.629710676294716e-74,3.940797473406301e-73,argila,koppen_l2
koppen_l2_As,529,12061,-0.1059018468089845,1.9927031619085587e-31,1.1956218971451352e-30,argila,koppen_l2
koppen_l2_Bs,267,12061,-0.1021975633497466,2.2663786824849196e-29,1.1331893412424596e-28,argila,koppen_l2
koppen_l2_Aw,2381,12061,-0.1009297945293962,1.1016176874962094e-28,4.406470749984838e-28,argila,koppen_l2
koppen_l2_Cf,3085,12061,0.0717932423689893,2.9291169794620244e-15,8.787350938386073e-15,argila,koppen_l2
koppen_l2_Af,538,12061,-0.0601011849081226,3.954967032836617e-11,7.909934065673234e-11,argila,koppen_l2
koppen_l2_Am,4260,12061,0.0263256847957208,0.0038358315796278,0.0038358315796278,argila,koppen_l2
koppen_l3_Cfb,784,4353,-0.318454415033236,3.536176014124416e-103,1.7680880070622081e-102,areia,koppen_l3
koppen_l3_Bsh,267,4353,0.2354988947288245,6.325582843631346e-56,2.5302331374525383e-55,areia,koppen_l3
koppen_l3_Cfa,2301,4353,0.1652072906385629,5.195177607777122e-28,1.5585532823331368e-27,areia,koppen_l3
koppen_l3_Cwb,590,4353,-0.0508895893237213,0.0007829073224345,0.001565814644869,areia,koppen_l3
koppen_l3_Cwa,411,4353,0.0027970038125516,0.8536321820359944,0.8536321820359944,areia,koppen_l3
koppen_l3_Cfb,784,4353,0.1886919328536984,3.5579250888840733e-36,1.7789625444420365e-35,silte,koppen_l3
koppen_l3_Cwa,411,4353,-0.1596693513070239,2.99288962988748e-26,1.197155851954992e-25,silte,koppen_l3
koppen_l3_Cwb,590,4353,-0.1401002793092899,1.5927572029686576e-20,4.7782716089059725e-20,silte,koppen_l3
koppen_l3_Bsh,267,4353,-0.1123369345616769,1.0608684095939292e-13,2.1217368191878585e-13,silte,koppen_l3
koppen_l3_Cfa,2301,4353,0.0983411708498438,7.916220735312849e-11,7.916220735312849e-11,silte,koppen_l3
koppen_l3_Cfa,2301,4353,-0.2642575818898095,1.838728482016893e-70,9.193642410084466e-70,argila,koppen_l3
koppen_l3_Cfb,784,4353,0.2575516810683345,6.655981589786028e-67,2.662392635914412e-66,argila,koppen_l3
koppen_l3_Bsh,267,4353,-0.2084670315036038,6.061284265668815e-44,1.8183852797006444e-43,argila,koppen_l3
koppen_l3_Cwb,590,4353,0.1544565921120695,1.1925527289905456e-24,2.3851054579810915e-24,argila,koppen_l3
koppen_l3_Cwa,411,4353,0.1029127426505421,1.0032970485137664e-11,1.0032970485137664e-11,argila,koppen_l3
HLZ_L1_Tropical_Zone,8384,12053,0.2784179207814516,1.8804893469164892e-213,3.7609786938329783e-213,areia,HLZ_L1
HLZ_L1_Subtropical_Zone,3669,12053,-0.2784179207814515,1.8804893469164892e-213,3.7609786938329783e-213,areia,HLZ_L1
HLZ_L1_Tropical_Zone,8384,12053,-0.314751395125326,2.2833251449984348e-275,4.5666502899968696e-275,silte,HLZ_L1
HLZ_L1_Subtropical_Zone,3669,12053,0.314751395125326,2.2833251449984348e-275,4.5666502899968696e-275,silte,HLZ_L1
HLZ_L1_Tropical_Zone,8384,12053,-0.1350703335242936,3.5190934143341104e-50,7.038186828668221e-50,argila,HLZ_L1
HLZ_L1_Subtropical_Zone,3669,12053,0.1350703335242936,3.519093414335215e-50,7.038186828668221e-50,argila,HLZ_L1
HLZ_L2_Subtropical_Moist_forest,3333,12049,-0.2505643430019659,6.960631915659329e-172,5.568505532527463e-171,areia,HLZ_L2
HLZ_L2_Tropical_Dry_forest,5165,12049,0.1579862811009929,3.4593664101957128e-68,2.421556487136999e-67,areia,HLZ_L2
HLZ_L2_Subtropical_Wet_forest,99,12049,-0.1044833699741163,1.3311531752715451e-30,7.986919051629272e-30,areia,HLZ_L2
HLZ_L2_Tropical_Thorn_steppe,502,12049,0.0959631173880795,4.7173670536750013e-26,2.358683526837501e-25,areia,HLZ_L2
HLZ_L2_Tropical_Very_dry_forest,2525,12049,0.0847059067632548,1.2337369223187627e-20,4.9349476892750514e-20,areia,HLZ_L2
HLZ_L2_Tropical_Moist_forest,145,12049,-0.053317625764301,4.7379456911266955e-09,1.4213837073380089e-08,areia,HLZ_L2
HLZ_L2_Subtropical_Dry_forest,233,12049,-0.0489634331812932,7.561842544793597e-08,1.5123685089587195e-07,areia,HLZ_L2
HLZ_L2_Tropical_Desert_bush,47,12049,0.0358918391531843,8.12665432733543e-05,8.12665432733543e-05,areia,HLZ_L2
HLZ_L2_Subtropical_Moist_forest,3333,12049,0.3177639768192571,8.060934970399207e-281,6.448747976319367e-280,silte,HLZ_L2
HLZ_L2_Tropical_Dry_forest,5165,12049,-0.2838799692118185,4.091723246476309e-222,2.8642062725334156e-221,silte,HLZ_L2
HLZ_L2_Tropical_Moist_forest,145,12049,0.1387884450704861,6.858279900284041e-53,4.114967940170424e-52,silte,HLZ_L2
HLZ_L2_Subtropical_Wet_forest,99,12049,0.0634973897977024,3.030667506515154e-12,1.515333753257577e-11,silte,HLZ_L2
HLZ_L2_Tropical_Very_dry_forest,2525,12049,-0.0470918035155164,2.322187441822112e-07,9.288749767288448e-07,silte,HLZ_L2
HLZ_L2_Subtropical_Dry_forest,233,12049,-0.0211496039020121,0.0202562527392317,0.0607687582176952,silte,HLZ_L2
HLZ_L2_Tropical_Desert_bush,47,12049,-0.0044460500327437,0.6255600981897291,1.0,silte,HLZ_L2
HLZ_L2_Tropical_Thorn_steppe,502,12049,-0.0008303603704915,0.9273833325428232,1.0,silte,HLZ_L2
HLZ_L2_Tropical_Thorn_steppe,502,12049,-0.1238359522044275,2.1814028491661898e-42,1.7451222793329519e-41,argila,HLZ_L2
HLZ_L2_Subtropical_Moist_forest,3333,12049,0.0967220365961612,1.924035362911093e-26,1.346824754037765e-25,argila,HLZ_L2
HLZ_L2_Subtropical_Wet_forest,99,12049,0.090050045279425,4.0112356679089553e-23,2.406741400745373e-22,argila,HLZ_L2
HLZ_L2_Subtropical_Dry_forest,233,12049,0.0787696270673374,4.761783404801665e-18,2.3808917024008324e-17,argila,HLZ_L2
HLZ_L2_Tropical_Very_dry_forest,2525,12049,-0.0760649446682548,6.232611003336262e-17,2.4930444013345053e-16,argila,HLZ_L2
HLZ_L2_Tropical_Desert_bush,47,12049,-0.0433793510096849,1.903485178933308e-06,5.710455536799924e-06,argila,HLZ_L2
HLZ_L2_Tropical_Moist_forest,145,12049,-0.0306864850281562,0.0007548633157062,0.0015097266314125,argila,HLZ_L2
HLZ_L2_Tropical_Dry_forest,5165,12049,-0.0009898089266151,0.913489589019677,0.913489589019677,argila,HLZ_L2
koppen_l1_C,4534,12286,0.0988540142527477,4.613775584872572e-28,1.3841326754617716e-27,SOC,koppen_l1
koppen_l1_A,7285,12286,-0.0705727924904056,4.8240866687911516e-15,9.648173337582303e-15,SOC,koppen_l1
koppen_l1_B,467,12286,-0.0681413829736764,4.000954211187632e-14,4.000954211187632e-14,SOC,koppen_l1
koppen_l2_Am,4192,12285,-0.0778924131533215,5.348763029939667e-18,3.7441341209577673e-17,SOC,koppen_l2
koppen_l2_Bs,467,12285,-0.0681393930340664,4.0172631171594634e-14,2.4103578702956783e-13,SOC,koppen_l2
koppen_l2_Cf,3567,12285,0.066318894512244,1.8670286484699906e-13,9.335143242349953e-13,SOC,koppen_l2
koppen_l2_Cw,966,12285,0.065360588007934,4.1237704429381013e-13,1.6495081771752405e-12,SOC,koppen_l2
koppen_l2_As,867,12285,-0.045291089573499,5.112893423710873e-07,1.533868027113262e-06,SOC,koppen_l2
koppen_l2_Aw,1726,12285,0.0352260636507204,9.415092525633911e-05,0.0001883018505126,SOC,koppen_l2
koppen_l2_Af,500,12285,0.00821213031065,0.362750516916164,0.362750516916164,SOC,koppen_l2
koppen_l3_Cfb,971,5000,0.187172169353649,1.1860050443312399e-40,5.9300252216561996e-40,SOC,koppen_l3
koppen_l3_Bsh,467,5000,-0.1558362314904255,1.494986035423751e-28,5.979944141695004e-28,SOC,koppen_l3
koppen_l3_Cwb,563,5000,0.1261005420744585,3.549275902892644e-19,1.0647827708677932e-18,SOC,koppen_l3
koppen_l3_Cfa,2596,5000,-0.1182178715846138,5.004113180254749e-17,1.0008226360509496e-16,SOC,koppen_l3
koppen_l3_Cwa,403,5000,-0.0348635825163487,0.0136875421907119,0.0136875421907119,SOC,koppen_l3
HLZ_L1_Subtropical_Zone,4057,12282,0.0913890594960018,3.3708614196382456e-24,6.741722839276491e-24,SOC,HLZ_L1
HLZ_L1_Tropical_Zone,8225,12282,-0.0913890594960018,3.3708614196382456e-24,6.741722839276491e-24,SOC,HLZ_L1
HLZ_L2_Subtropical_Wet_forest,130,12277,0.1260300197169086,1.1955814707271654e-44,9.564651765817325e-44,SOC,HLZ_L2
HLZ_L2_Tropical_Thorn_steppe,873,12277,-0.0889238111477425,5.535335050980824e-23,3.8747345356865767e-22,SOC,HLZ_L2
HLZ_L2_Tropical_Dry_forest,4554,12277,-0.0687044658841918,2.521143519068555e-14,1.512686111441133e-13,SOC,HLZ_L2
HLZ_L2_Subtropical_Moist_forest,3671,12277,0.063076065858051,2.6490946313025894e-12,1.3245473156512947e-11,SOC,HLZ_L2
HLZ_L2_Tropical_Very_dry_forest,2621,12277,0.0328392557002002,0.0002734291466338,0.0010937165865353,SOC,HLZ_L2
HLZ_L2_Tropical_Desert_bush,44,12277,-0.0225863981549935,0.0123259013161888,0.0369777039485664,SOC,HLZ_L2
HLZ_L2_Tropical_Moist_forest,133,12277,0.0089697841740805,0.3203273305036104,0.6406546610072208,SOC,HLZ_L2
HLZ_L2_Subtropical_Dry_forest,251,12277,0.0086838288126392,0.3359981147244664,0.6406546610072208,SOC,HLZ_L2
