,n_dias_min
A002,506
A601,507
A801,541
A803,519
82915,702
82689,572
82326,814
83267,547
83388,690
83441,848
83596,649
82882,684
82184,789
82780,564
83592,843
83669,677
83916,566
83883,707
82992,780
83781,837
83446,772
83096,812
83767,848
83676,755
82598,721
83292,593
83423,837
83395,730
83428,780
83295,529
83595,672
83338,691
83565,648
82298,649
82890,627
83190,593
83363,512
82686,690
82861,846
82863,808
82696,674
83288,841
83842,844
82765,807
83538,680
83522,764
82392,749
83736,806
82586,730
83242,511
83997,848
83088,528
83536,623
82879,796
83464,812
83744,690
83872,673
83368,781
83881,709
82970,731
83222,505
82382,764
83546,600
83410,551
83452,719
83526,757
83557,804
83927,778
83907,848
83184,789
82113,751
83574,542
82181,724
83648,839
83182,679
83738,744
83995,677
83623,654
82892,613
83186,590
82583,530
83639,662
83373,645
83229,840
83015,627
83389,604
83364,828
82562,743
82979,606
83114,810
83339,583
82246,773
82683,650
82753,704
83498,629
83577,782
82994,654
83097,744
82798,845
83235,760
83033,753
83034,631
82376,761
82676,734
82493,703
83726,796
83683,812
82480,719
83192,818
83064,617
82141,565
83914,829
82106,578
83075,676
83089,642
82996,535
83766,705
83891,763
82280,815
83533,737
83076,549
83836,769
83309,720
82212,703
82594,507
82976,651
83630,845
82317,619
82445,739
83350,509
83589,819
83270,600
83437,843
83985,791
83384,830
82986,690
82336,756
83980,820
82188,630
83716,564
83379,819
82487,817
82263,763
82684,619
83789,650
83579,721
83692,769
83964,818
83936,848
82791,655
83393,644
83214,754
82807,642
82870,725
83479,839
83681,619
82900,842
83090,623
83319,733
83485,847
82024,706
83635,683
83851,632
82564,699
83783,589
83492,678
83696,710
83236,761
83408,644
83442,844
82784,840
83195,742
82474,636
83737,661
83249,841
83786,512
82191,847
82596,702
82983,788
82704,669
83344,683
82590,532
82533,646
83805,703
82098,772
83376,764
83048,593
83813,552
82361,602
82571,780
82723,609
82476,682
83531,783
82578,752
82067,563
83007,763
82042,668
83642,763
82789,678
83801,589
83361,705
83521,606
83695,847
82659,847
83920,759
83377,846
82610,624
83887,762
83228,817
83811,684
83967,818
83698,745
82178,693
82296,702
83586,650
82397,758
82690,673
83687,819
82795,707
83221,554
83013,820
83358,679
83689,513
82198,565
83483,718
83718,777
83514,764
83844,623
82797,816
83513,617
83582,748
82792,677
82287,620
83286,680
83587,848
83941,594
83807,727
82410,700
83332,820
83374,695
83179,655
82768,714
82240,583
83550,775
82331,734
83570,672
83386,804
83405,572
83948,781
82693,727
82678,700
82777,539
83488,821
83942,624
83470,587
